"gene_id","baseMean","log2FoldChange","lfcSE","pvalue","padj","direction","significant"
"ENSG00000173535.15",525.514784326532,4.22075163826166,0.486293135124734,1.08872236797894e-19,2.0418988011445e-15,"Up",TRUE
"ENSG00000127954.13",499.456047415693,3.34502896814138,0.463479446985855,1.94255999172467e-14,1.21442375482654e-10,"Up",TRUE
"ENSG00000180871.8",2788.37739582587,3.6700758852613,0.555470731994252,3.40994676091898e-14,1.59883878752589e-10,"Up",TRUE
"ENSG00000262714.1",23.8958997760112,4.28162338615312,0.623105493920969,1.58310478061204e-13,5.93822603207577e-10,"Up",TRUE
"ENSG00000104957.14",406.345374430814,-1.09246303777075,0.157942678220369,4.10499480271155e-13,1.28315295874759e-09,"Down",TRUE
"ENSG00000188921.14",1027.01674200892,1.21990205098681,0.178426840862194,7.66550205108430e-13,2.0538070138298e-09,"Up",TRUE
"ENSG00000154889.17",323.606515832582,1.26012189156275,0.188207570807827,1.9670607805338e-12,4.61152811736394e-09,"Up",TRUE
"ENSG00000225614.4",56.9668833035753,-2.63295653348564,0.404747522861228,3.6201514124096e-12,7.54399330441578e-09,"Down",TRUE
"ENSG00000185305.12",117.449770341706,1.21909579371112,0.185282807429089,4.05333090898796e-12,7.60202211980692e-09,"Up",TRUE
"ENSG00000104951.16",37.4888257602558,-2.48322126007973,0.400225814006438,2.99911275382539e-11,5.11348724527228e-08,"Down",TRUE
"ENSG00000291156.1",33.6917672258253,-3.68990060615319,0.628989646356368,4.55660288160666e-11,7.1215905870444e-08,"Down",TRUE
"ENSG00000100427.16",224.143424723919,1.36491053968817,0.229399875942949,1.98268531826563e-10,2.8604048572363e-07,"Up",TRUE
"ENSG00000131323.17",414.670811785114,-1.04539139264127,0.179207558159375,4.6240838801093e-10,6.19462094081786e-07,"Down",TRUE
"ENSG00000160271.16",248.888503110455,-2.33957091607222,0.459358913679788,7.94822152241445e-10,9.93792631019219e-07,"Down",TRUE
"ENSG00000172006.12",56.0467697079841,-2.17648659865948,0.384843733406834,1.16339205765573e-09,1.36371362758332e-06,"Down",TRUE
"ENSG00000196365.12",326.401881442175,-1.63718698581341,0.29542805382034,1.76404554789534e-09,1.94615730886924e-06,"Down",TRUE
"ENSG00000124102.5",170.148694874113,4.41314851901785,0.999862236218003,2.40679143251484e-09,2.50774296204532e-06,"Up",TRUE
"ENSG00000121101.16",61.3068899566575,-3.63774722869091,0.675629572420371,3.14698941855685e-09,3.10640981815967e-06,"Down",TRUE
"ENSG00000239557.1",23.2933431526279,-2.08584199771291,0.400793443121036,1.06609639238133e-08,9.90599995584555e-06,"Down",TRUE
"ENSG00000113749.8",731.838022773466,2.06933655393395,0.416695246671664,1.16748692391599e-08,9.90599995584555e-06,"Up",TRUE
"ENSG00000289528.1",17.5126410188291,-3.05041887228207,0.601217362277463,1.26634755911078e-08,9.90599995584555e-06,"Down",TRUE
"ENSG00000133247.14",56.2372882769903,-1.5281372992523,0.29278719460096,1.26762995969231e-08,9.90599995584555e-06,"Down",TRUE
"ENSG00000124225.16",31.7096992988637,-2.35461164072583,0.446513757192591,1.12151493841139e-08,9.90599995584555e-06,"Down",TRUE
"ENSG00000116729.14",218.716026341316,2.28974325280742,0.45234460328047,1.4593066321209e-08,1.05266522636259e-05,"Up",TRUE
"ENSG00000149534.9",23.8008976442705,3.3154446871999,0.647890096005543,1.41820164288535e-08,1.05266522636259e-05,"Up",TRUE
"ENSG00000041353.10",311.918997076254,1.93161466971341,0.379223244093999,1.58138609680943e-08,1.09847763872818e-05,"Up",TRUE
"ENSG00000204614.9",5.17896298329156,4.87956952721516,1.1405614645623,1.68037016728619e-08,1.10237670612053e-05,"Up",TRUE
"ENSG00000185015.8",29.2564655950099,2.01508623968983,0.403830027660558,1.70455475753108e-08,1.10237670612053e-05,"Up",TRUE
"ENSG00000100422.14",1332.44825426772,-1.14633281398415,0.224853691473795,1.93988518524171e-08,1.21275155497361e-05,"Down",TRUE
"ENSG00000197380.11",21.8459723597873,-4.48872380693745,0.85735164161788,2.33996036164943e-08,1.41567601879791e-05,"Down",TRUE
"ENSG00000075391.18",26.2297969325553,-2.96232943259517,0.627915932385036,3.23838987016022e-08,1.8460653516773e-05,"Down",TRUE
"ENSG00000188011.5",31.0335497609321,-3.8097077179506,0.837631979585735,3.24820882993073e-08,1.8460653516773e-05,"Down",TRUE
"ENSG00000132003.10",36.2739082976933,-2.95139189167164,0.663681532453272,3.48906211460198e-08,1.92462823409883e-05,"Down",TRUE
"ENSG00000186577.14",228.050754249435,-1.02179252032718,0.203203606099156,4.06135610095169e-08,2.11585371314858e-05,"Down",TRUE
"ENSG00000013619.15",57.476738044985,-3.30912643408568,0.705485316194659,4.47039486326564e-08,2.26600690974451e-05,"Down",TRUE
"ENSG00000173930.9",139.968077635828,1.63226873217721,0.328893384619922,4.80554911445662e-08,2.37179141162194e-05,"Up",TRUE
"ENSG00000012048.25",47.6058121305772,2.11222420299015,0.436463302949421,5.6212493012115e-08,2.70324437549286e-05,"Up",TRUE
"ENSG00000142892.15",202.824664374109,1.39725668943945,0.291245127049932,6.31826180695313e-08,2.96247500473515e-05,"Up",TRUE
"ENSG00000198734.12",520.703591747176,1.62511982850068,0.33390739429167,6.71724588637079e-08,2.99578356752304e-05,"Up",TRUE
"ENSG00000135842.17",2610.58481761243,1.46430479364465,0.303189366146478,6.84260016531977e-08,2.99578356752304e-05,"Up",TRUE
"ENSG00000133612.20",340.060592376198,-1.4807695781376,0.306458304806771,7.16473183751456e-08,2.99578356752304e-05,"Down",TRUE
"ENSG00000073169.15",194.777911581267,-1.21542638755998,0.249994261097304,7.12215166232538e-08,2.99578356752304e-05,"Down",TRUE
"ENSG00000115271.11",1645.33749804376,1.91623866751341,0.397836476453578,7.63261350915632e-08,3.04573758221759e-05,"Up",TRUE
"ENSG00000163464.8",1474.30579575711,2.79405922966016,0.764453802758069,7.59335461497958e-08,3.04573758221759e-05,"Up",TRUE
"ENSG00000107338.10",21.2229669139979,-2.96455682503582,0.606875281841212,8.08340710557776e-08,3.15842292218981e-05,"Down",TRUE
"ENSG00000188906.17",2272.67379693074,1.76158554370688,0.37491066152607,1.01149016649297e-07,3.87153021889299e-05,"Up",TRUE
"ENSG00000257743.9",43.6151578971169,3.95569296793671,1.26477391124739,1.26655318352824e-07,4.65768724648474e-05,"Up",TRUE
"ENSG00000203710.12",824.260311405048,1.88912438922539,0.413975047823867,1.36390606654626e-07,4.91900535131744e-05,"Up",TRUE
"ENSG00000089558.9",30.9791560682025,-3.69846031423978,0.865575671372382,1.39006816112943e-07,4.91900535131744e-05,"Down",TRUE
"ENSG00000173166.18",137.470505141559,-2.95613024253382,0.783332702312108,1.42069658653672e-07,4.93428971861039e-05,"Down",TRUE
"ENSG00000241399.7",210.067679739185,1.58706535602684,0.342440014854516,1.6475579187754e-07,5.6181725030241e-05,"Up",TRUE
"ENSG00000289172.2",176.8110792538,4.8245436660273,1.61324898561818,2.21058628183266e-07,7.27360451153885e-05,"Up",TRUE
"ENSG00000119121.22",72.3911934675147,3.34276410802054,1.12124886807878,2.38762079645255e-07,7.72066000645993e-05,"Up",TRUE
"ENSG00000135083.17",124.621676308687,2.03922258994676,0.46118196762724,2.74242793679823e-07,8.57237265910848e-05,"Up",TRUE
"ENSG00000186918.14",536.165931205234,-2.11429362898981,0.469044241070761,2.72081852040024e-07,8.57237265910848e-05,"Down",TRUE
"ENSG00000079385.23",186.695024333732,2.91365724783304,0.698082053538123,2.94885658747417e-07,9.06652545870131e-05,"Up",TRUE
"ENSG00000256751.6",32.5202655479722,1.97223487396733,0.451135556738042,3.53645557256453e-07,0.000103634725411637,"Up",TRUE
"ENSG00000269019.2",9.80193777821162,-4.41260103725683,1.09566304977937,3.52336507976382e-07,0.000103634725411637,"Down",TRUE
"ENSG00000165804.16",97.2742088353354,-2.39919632507404,0.539701296950816,3.79026359015537e-07,0.000109363682512868,"Down",TRUE
"ENSG00000073756.13",3913.18300663404,2.63648583854486,0.634452895949512,3.87060275591919e-07,0.000109989628314037,"Up",TRUE
"ENSG00000134198.10",269.069811361297,1.71631994573551,0.400374386807533,4.04728989815669e-07,0.000113209338713075,"Up",TRUE
"ENSG00000154479.13",12.5972758595908,-2.46669198235489,0.573573344725848,4.10463078245221e-07,0.000113209338713075,"Down",TRUE
"ENSG00000099860.9",4339.94829693104,-1.99249073616913,0.458241311480141,4.2132762471103e-07,0.000114521733354426,"Down",TRUE
"ENSG00000119471.15",288.146319603841,1.38267066115082,0.313923304015167,4.46754362648008e-07,0.000119698258163763,"Up",TRUE
"ENSG00000106003.14",384.857861292291,-1.08000032464015,0.239026387566769,4.84109200451683e-07,0.000127879831753117,"Down",TRUE
"ENSG00000291135.1",22.6106429891779,2.49400770930451,0.570017371202974,4.98481447588217e-07,0.000128158880726633,"Up",TRUE
"ENSG00000287771.1",10.8955644365566,3.91233729780676,1.01103865284791,5.03205119286844e-07,0.000128158880726633,"Up",TRUE
"ENSG00000110042.8",261.11771026008,-1.57750514031307,0.381806194987265,5.05665538457524e-07,0.000128158880726633,"Down",TRUE
"ENSG00000196549.13",986.20817760041,3.13166676541727,2.55460042227418,5.26104036302657e-07,0.000131319712826037,"Up",TRUE
"ENSG00000187037.9",117.718631815327,1.77726048176226,0.40948384853539,5.32140665144165e-07,0.000131319712826037,"Up",TRUE
"ENSG00000117115.13",823.996751348531,1.90053118536593,0.431980123847354,5.64020543991089e-07,0.000137379289643544,"Up",TRUE
"ENSG00000078618.23",1621.28439068463,1.14146229224147,0.257257444446019,6.20844522150468e-07,0.000149281269396564,"Up",TRUE
"ENSG00000105352.11",266.479325363737,1.7808003112081,0.411648213963276,6.47335861131085e-07,0.000151759800943919,"Up",TRUE
"ENSG00000165115.15",76.1529916069499,1.2529579008476,0.282975651905723,6.87528438485125e-07,0.000159192541528253,"Up",TRUE
"ENSG00000288910.1",50.8538358591412,-2.62328289929921,0.608547318144336,7.84235188923935e-07,0.000175099178193671,"Down",TRUE
"ENSG00000123360.12",94.4523885882733,-1.47767975626366,0.343943446269735,7.8130357935228e-07,0.000175099178193671,"Down",TRUE
"ENSG00000176531.11",64.0850345919333,-1.30205529772242,0.293294104613274,7.8391270850954e-07,0.000175099178193671,"Down",TRUE
"ENSG00000173597.9",206.862882775917,2.36899978540964,0.561481735277015,7.98808758970219e-07,0.000176254803229252,"Up",TRUE
"ENSG00000270210.1",11.5860197613251,-3.96037031419752,1.03555980384922,8.19873242552845e-07,0.0001787991007451,"Down",TRUE
"ENSG00000101189.7",117.2330231817,-1.17624045366456,0.269824859701926,8.40891564368812e-07,0.0001812749573533,"Down",TRUE
"ENSG00000131480.9",33.8230098621389,3.6034555123775,1.06709526931132,8.95348157035156e-07,0.000190821075968118,"Up",TRUE
"ENSG00000035664.11",130.276184347173,1.61009505581575,0.386560071780355,9.32142286156768e-07,0.000196430658167081,"Up",TRUE
"ENSG00000100083.19",819.109449011608,-1.13363431196112,0.26452006054663,9.4486245439178e-07,0.000196898837023531,"Down",TRUE
"ENSG00000236345.3",12.2367252493875,3.55491681029137,0.976307273106366,9.6202146702682e-07,0.00019827156718778,"Up",TRUE
"ENSG00000289298.2",57.3550746944237,-1.7743661960797,0.418494689451457,1.01750795206716e-06,0.000207427843924127,"Down",TRUE
"ENSG00000288875.2",31.0723008921576,3.41093037795081,1.23649558528593,1.04854569294774e-06,0.000209207175225902,"Up",TRUE
"ENSG00000064763.12",175.126659827436,1.68906369831508,0.41977410625609,1.0835566233249e-06,0.000213916889162721,"Up",TRUE
"ENSG00000105967.16",253.745412725866,1.42736169579567,0.336894683878591,1.10602711971163e-06,0.000215644996665778,"Up",TRUE
"ENSG00000289017.1",157.869879685264,-1.70525982760957,0.408048878114462,1.18997967916261e-06,0.000227735396762191,"Down",TRUE
"ENSG00000163915.7",5.59709757361306,-3.36592074403354,0.837298507099232,1.23664775762411e-06,0.000234276047416568,"Down",TRUE
"ENSG00000188290.11",259.49230290524,-4.12986186686095,0.900309555364225,1.25763369752929e-06,0.000235869199971618,"Down",TRUE
"ENSG00000106780.9",1240.47839979488,1.65023867556174,0.388939916693958,1.27892640553419e-06,0.000237487769661324,"Up",TRUE
"ENSG00000139178.12",202.645876870532,1.57426362710779,0.388078654161969,1.4048335802481e-06,0.000255802464053914,"Up",TRUE
"ENSG00000172794.20",1235.02491834492,1.29743601482433,0.309852100964949,1.422226815112e-06,0.000256479460744477,"Up",TRUE
"ENSG00000163235.16",121.188618216893,2.81139224860942,0.716868011341845,1.46682972697377e-06,0.000262003728851362,"Up",TRUE
"ENSG00000154252.12",15.3562059703399,-5.45596711585704,1.20622657785959,1.62585265327142e-06,0.000287668552000995,"Down",TRUE
"ENSG00000100504.17",1253.5689521953,1.65150973461741,0.395414477742168,1.64810135823452e-06,0.000288879822184003,"Up",TRUE
"ENSG00000286177.1",124.734384154896,-1.82945166793427,0.447847875904335,1.66795060676761e-06,0.000289651978054875,"Down",TRUE
"ENSG00000137414.7",890.718952527218,1.38477315431506,0.331110155599595,1.80600331743626e-06,0.000310748552463458,"Up",TRUE
"ENSG00000155099.8",298.549600825673,1.35856206259314,0.326514573521915,1.87482409373418e-06,0.00031609428256699,"Up",TRUE
"ENSG00000181192.12",206.9672610113,1.39318961955884,0.346996418037008,1.88763314569463e-06,0.00031609428256699,"Up",TRUE
"ENSG00000183323.13",119.86142153697,1.17143184717119,0.279388029968957,2.01990321336783e-06,0.000335250307670032,"Up",TRUE
"ENSG00000261804.3",29.4670119819187,2.21847192126866,0.551809718780527,2.04993590716509e-06,0.000337250420516503,"Up",TRUE
"ENSG00000232713.2",26.310927565623,-1.66703946022849,0.406896227826132,2.09869252354229e-06,0.000342269376339441,"Down",TRUE
"ENSG00000288932.2",21.0766340266771,2.63310742910234,0.64386766020434,2.14752641764928e-06,0.000344246649256514,"Up",TRUE
"ENSG00000168300.14",557.201703857958,1.01589927657679,0.243403678657777,2.18427115202531e-06,0.0003471695377647,"Up",TRUE
"ENSG00000233559.2",97.289490871957,-1.43376593300429,0.356291447778513,2.20635548414655e-06,0.00034773274878293,"Down",TRUE
"ENSG00000217801.13",13.0757767332382,-2.98245585728406,0.766557171319191,2.35381635663809e-06,0.000364079266584513,"Down",TRUE
"ENSG00000234742.1",6.90567058385573,-2.26575203556807,0.555199426788584,2.34736803917603e-06,0.000364079266584513,"Down",TRUE
"ENSG00000105205.7",114.774667351338,2.74521105202685,1.29050008353449,2.36831087834234e-06,0.000364079266584513,"Up",TRUE
"ENSG00000038945.15",455.974816027505,-2.49142937816569,0.853115056092266,2.49281222691554e-06,0.000380103197689439,"Down",TRUE
"ENSG00000086288.12",35.0891414846843,1.09110790044639,0.261484855452219,2.59318290195949e-06,0.000389081162610002,"Up",TRUE
"ENSG00000140932.10",136.431313726946,2.3915285966362,0.717744388859073,2.62520409441341e-06,0.000390759545958123,"Up",TRUE
"ENSG00000237522.1",46.3108514899675,-1.38683371749476,0.340746089085635,2.75799355040484e-06,0.000397568805500167,"Down",TRUE
"ENSG00000240093.1",13.4933733129472,-3.65904299713001,0.856066150540529,2.74123955589023e-06,0.000397568805500167,"Down",TRUE
"ENSG00000180138.7",13.8739293462513,3.27910909638047,1.10392006688026,2.77694020370684e-06,0.000397568805500167,"Up",TRUE
"ENSG00000103496.15",457.889954397483,-1.18752357913045,0.294681730675624,2.75599543781245e-06,0.000397568805500167,"Down",TRUE
"ENSG00000138185.20",594.992669057265,1.22438592799612,0.301475858037603,3.02586973206732e-06,0.000429925657764564,"Up",TRUE
"ENSG00000105642.16",10.8426950822318,-4.17131210813651,1.14027417975731,3.2861178118753e-06,0.000456526959716454,"Down",TRUE
"ENSG00000145491.12",35.6721609122597,1.92723924913385,0.495692523321043,3.38949818747763e-06,0.000467426753721639,"Up",TRUE
"ENSG00000108244.17",67.6898962206062,2.93328052516311,0.848787482024813,3.47351136503382e-06,0.000475516099643864,"Up",TRUE
"ENSG00000249662.7",7.11406018145616,3.51633684294468,0.900933251029211,3.61699116249446e-06,0.000488284090432296,"Up",TRUE
"ENSG00000135525.19",18.628784672784,2.76542648161153,0.711959773898167,3.61884769768537e-06,0.000488284090432296,"Up",TRUE
"ENSG00000290084.1",15.763358341223,2.33240524818339,0.59349527049979,3.81398824479685e-06,0.000507314535682021,"Up",TRUE
"ENSG00000279608.1",10.958312916357,-2.26256687311039,0.607649901976196,3.79630454539672e-06,0.000507314535682021,"Down",TRUE
"ENSG00000257335.8",1113.91422354412,2.75297261594169,0.966580406720958,3.95069279904754e-06,0.0005217974890573,"Up",TRUE
"ENSG00000230492.2",34.1817719109492,2.63080606324954,0.796583981755746,4.1671699831679e-06,0.000546540370869328,"Up",TRUE
"ENSG00000181631.7",872.433034606296,1.4615457211942,0.369970662524911,4.2953411926739e-06,0.000559438361587493,"Up",TRUE
"ENSG00000129675.16",1436.63865707574,1.02226691010154,0.25860810128132,4.47329946196967e-06,0.000578598147649939,"Up",TRUE
"ENSG00000235750.10",1066.45858826313,1.31257011069915,0.331915737715736,4.7368397347573e-06,0.000604349858676008,"Up",TRUE
"ENSG00000197852.12",486.543814440655,1.33039874839805,0.33836137508308,4.92194677913466e-06,0.000623723728666693,"Up",TRUE
"ENSG00000116133.13",158.796550626435,1.83587094479304,0.481694774525103,5.30230803386015e-06,0.000660703995734962,"Up",TRUE
"ENSG00000005020.13",1004.25117209482,1.43598117566346,0.381498961866916,5.31945099205435e-06,0.000660703995734962,"Up",TRUE
"ENSG00000204131.11",530.441835332808,2.11665248708989,0.690338946516472,5.31753176728868e-06,0.000660703995734962,"Up",TRUE
"ENSG00000106638.18",194.015527075793,-1.25642199254355,0.32260660501828,5.35771938531308e-06,0.000661079125470703,"Down",TRUE
"ENSG00000111261.14",116.614677309602,2.44432393293378,0.800423965705957,5.47271481777116e-06,0.000670854682400641,"Up",TRUE
"ENSG00000137757.11",59.313631936045,2.72914208838236,0.832059554199124,5.82239645868157e-06,0.00070450997150047,"Up",TRUE
"ENSG00000116786.13",1160.44951257924,-1.40262443696582,0.37201966301296,5.98718203280803e-06,0.000719805121957145,"Down",TRUE
"ENSG00000138449.11",1192.36047693898,1.24030180711546,0.318901412877984,6.3114649350117e-06,0.00074918686617813,"Up",TRUE
"ENSG00000154928.19",42.2392858450727,2.62403079734304,0.843721764369971,6.52729181413982e-06,0.000769933069020077,"Up",TRUE
"ENSG00000238113.7",122.492844312326,1.95940951897176,0.517777796649173,6.74046077751871e-06,0.000790108386764771,"Up",TRUE
"ENSG00000279700.1",35.9065888094353,-2.22633607046965,0.617308078521113,7.01781282527666e-06,0.000812463453938666,"Down",TRUE
"ENSG00000130513.7",24.5752218094816,-2.69213588294954,0.773071256619152,7.18577082848956e-06,0.000821762999319035,"Down",TRUE
"ENSG00000101210.14",16.1138314821587,-3.62415968883858,1.00283451948463,7.15638464319626e-06,0.000821762999319035,"Down",TRUE
"ENSG00000276517.1",73.7865153318507,-1.41548065234811,0.371637371753807,7.47533959264102e-06,0.000849696933696862,"Down",TRUE
"ENSG00000149782.13",161.609466109118,-1.69860013585026,0.456078170187046,7.74330114016727e-06,0.000874853089661669,"Down",TRUE
"ENSG00000071967.12",259.208243783142,1.70155408437749,0.499502326652997,7.89537590117271e-06,0.000886693263631702,"Up",TRUE
"ENSG00000286076.2",69.8125018671701,2.39627621438087,0.673041512789929,8.06051450964196e-06,0.000899850890644851,"Up",TRUE
"ENSG00000136717.15",748.890538139128,-1.14420548125651,0.296434516542517,8.8844769355417e-06,0.000969440132758996,"Down",TRUE
"ENSG00000229390.1",7.64829601472399,3.3159769850351,0.935172327488473,8.80302037219449e-06,0.000969440132758996,"Up",TRUE
"ENSG00000178093.14",16.9191371839423,-1.44247921943017,0.37909987792127,8.89062665073566e-06,0.000969440132758996,"Down",TRUE
"ENSG00000157551.19",865.649221750531,2.4808591700417,0.913136875696802,8.82030957805917e-06,0.000969440132758996,"Up",TRUE
"ENSG00000072694.22",120.116500973672,1.12988229318767,0.293525422423254,9.49599585749843e-06,0.00102354828912289,"Up",TRUE
"ENSG00000132589.16",2264.65816245229,1.2125711584128,0.328491950910906,9.46671347930588e-06,0.00102354828912289,"Up",TRUE
"ENSG00000143409.17",384.117297957079,1.50422543357407,0.399620592895942,9.67503030759976e-06,0.0010309954171536,"Up",TRUE
"ENSG00000165140.12",371.848113749481,-1.49714214426413,0.444779778459316,9.64968414997944e-06,0.0010309954171536,"Down",TRUE
"ENSG00000166949.17",906.477632006415,-1.2259003819932,0.340565926489741,1.18143062614913e-05,0.00122418405488546,"Down",TRUE
"ENSG00000146592.17",834.823167241674,1.56900846925771,0.450796067227274,1.19670290811616e-05,0.00123231342092017,"Up",TRUE
"ENSG00000074181.9",17.3702353759965,-3.65779265750012,1.03263128757443,1.20241725421697e-05,0.00123231342092017,"Down",TRUE
"ENSG00000162433.15",60.8980244118109,-2.14024144371973,0.66041487151179,1.26492476911634e-05,0.00128538353245078,"Down",TRUE
"ENSG00000112787.14",376.080977573229,-1.07433388736344,0.292132216361088,1.36515876715965e-05,0.00137587883521399,"Down",TRUE
"ENSG00000161905.13",20.8174641602599,2.88601473037798,1.25911512125745,1.3718439999201e-05,0.00137587883521399,"Up",TRUE
"ENSG00000253006.1",5.32282475683405,-3.13883099586453,0.881339712250766,1.3983509725023e-05,0.0013950038558128,"Down",TRUE
"ENSG00000135047.16",2417.97889939408,-2.02702360750459,1.49489225710574,1.4207753587363e-05,0.00140297912389241,"Down",TRUE
"ENSG00000155966.14",14.8592965855129,2.37638334446852,0.708348855150633,1.42130649714507e-05,0.00140297912389241,"Up",TRUE
"ENSG00000054219.11",112.217078701829,1.04852557321083,0.284523751301347,1.43817094941777e-05,0.00141219351603823,"Up",TRUE
"ENSG00000164251.5",136.329001551037,1.35831481224678,0.367717959919858,1.49624471688235e-05,0.00143915940826299,"Up",TRUE
"ENSG00000129219.14",204.268930422496,-1.0288802925903,0.277235820164487,1.50524877077483e-05,0.00143915940826299,"Down",TRUE
"ENSG00000184216.15",1898.22883882968,-1.43804992856801,0.431722904953469,1.51167370529357e-05,0.00143915940826299,"Down",TRUE
"ENSG00000258581.2",136.633689116603,-2.25934051898449,0.678346470442702,1.55651353603023e-05,0.00147436421051752,"Down",TRUE
"ENSG00000134508.13",10.6258354654865,-1.93388776435059,0.563035410790113,1.61247800278993e-05,0.00151969974584548,"Down",TRUE
"ENSG00000261888.1",16.592274319482,-1.8736164675033,0.535217530089747,1.62894349080425e-05,0.00152754175850168,"Down",TRUE
"ENSG00000070047.13",327.020244693903,-1.10216322168956,0.302673535004513,1.68992336653017e-05,0.00156903528412245,"Down",TRUE
"ENSG00000133318.14",2672.88457408574,1.0627006278076,0.285374666407659,1.7234947603355e-05,0.00159232237586661,"Up",TRUE
"ENSG00000289768.1",5.23759185226622,3.79226809868379,1.11313567271206,1.74173417403776e-05,0.00160128551147442,"Up",TRUE
"ENSG00000204178.11",356.324865852386,-1.29390003243235,0.370678292687303,1.77946581072402e-05,0.00162009132427811,"Down",TRUE
"ENSG00000232254.1",7.75051721243719,4.26923022225075,1.25803603430082,1.77778883502624e-05,0.00162009132427811,"Up",TRUE
"ENSG00000008516.18",841.409518293554,1.86371931360149,0.588597947839637,1.85510400640903e-05,0.00167271517500968,"Up",TRUE
"ENSG00000163814.8",171.449571480396,-1.98423045497769,1.42923927113089,1.91192049552245e-05,0.00171569707624515,"Down",TRUE
"ENSG00000004468.13",412.966523435774,1.10666618378817,0.305489171234095,1.96478987934862e-05,0.00175474448510397,"Up",TRUE
"ENSG00000136404.16",82.0905027833473,1.34484051404775,0.383429646136333,1.97498076208206e-05,0.0017554864546374,"Up",TRUE
"ENSG00000125266.8",4.91455093331797,-2.54424415695227,0.745188539274743,2.23020226217298e-05,0.00197299261448369,"Down",TRUE
"ENSG00000167964.13",12.672920015993,-3.35125732712837,1.06657957936888,2.31114639612482e-05,0.00201607212368935,"Down",TRUE
"ENSG00000089723.10",14.0196805373832,-1.85212835274135,0.52635932182525,2.33624056224676e-05,0.0020191793430847,"Down",TRUE
"ENSG00000160856.21",469.568674245121,1.88486744972925,0.673277669758122,2.36809331136973e-05,0.00203380908617296,"Up",TRUE
"ENSG00000162747.13",5637.13174750397,3.48476542370036,1.57382232992402,2.39389344296872e-05,0.0020353103237153,"Up",TRUE
"ENSG00000164118.13",107.106047533942,1.01761067405804,0.280324482014999,2.39831288478316e-05,0.0020353103237153,"Up",TRUE
"ENSG00000070444.15",294.791885737763,-1.041649401939,0.290147727128155,2.44524679125088e-05,0.00206579295359956,"Down",TRUE
"ENSG00000114346.14",57.435344635236,1.35086586826868,0.384437142709271,2.49968783013383e-05,0.00209998420940126,"Up",TRUE
"ENSG00000140398.14",92.3044287762188,-1.15377978314962,0.320668325105807,2.50811230554989e-05,0.00209998420940126,"Down",TRUE
"ENSG00000114770.17",299.144466696134,1.20953686249854,0.362891579986544,2.61678166581552e-05,0.00218123289521644,"Up",TRUE
"ENSG00000274963.1",31.9650448499927,-1.4428168354048,0.422910004253081,2.62975739535737e-05,0.00218234955530653,"Down",TRUE
"ENSG00000173868.12",420.3801233616,1.89843598731897,0.745427925484705,2.6556578290798e-05,0.00218451151685928,"Up",TRUE
"ENSG00000105011.9",76.1988890574109,1.10276431760206,0.312907444204523,2.64553958365203e-05,0.00218451151685928,"Up",TRUE
"ENSG00000077782.23",190.174888247804,-1.65145891676772,0.560961390173184,2.77598886676572e-05,0.002273522759659,"Down",TRUE
"ENSG00000128815.20",548.320978827787,1.00203141450451,0.293837151944338,2.80910324456632e-05,0.00229064049355832,"Up",TRUE
"ENSG00000058866.15",137.241171750458,1.35105450545438,0.412906628524838,2.87349836040128e-05,0.00233300700213533,"Up",TRUE
"ENSG00000290241.1",9.49127030421117,-3.37373509838909,1.2799678476387,3.17613210248447e-05,0.00252590066534351,"Down",TRUE
"ENSG00000174945.14",25.6608317537241,-2.27014680868642,0.777040167062474,3.17841939227442e-05,0.00252590066534351,"Down",TRUE
"ENSG00000198879.13",441.403905258657,-1.09260596230562,0.312136446332498,3.15990509293478e-05,0.00252590066534351,"Down",TRUE
"ENSG00000169432.19",13.5976490501549,1.91655649685459,0.586513647080422,3.27275537429882e-05,0.00257346085667705,"Up",TRUE
"ENSG00000174007.9",82.3679832032666,2.01075873468564,0.665770369858658,3.30687318826537e-05,0.00257346085667705,"Up",TRUE
"ENSG00000165511.6",20.2461581481299,1.35673057110898,0.394794481450269,3.30154404911212e-05,0.00257346085667705,"Up",TRUE
"ENSG00000255274.10",58.5599925300713,-1.63478749916059,0.491162399078884,3.28235967376837e-05,0.00257346085667705,"Down",TRUE
"ENSG00000230581.2",47.3808405100107,-1.71411078015926,0.503022876281638,3.33156149041322e-05,0.00258045034806855,"Down",TRUE
"ENSG00000182853.12",13.0121842273026,-2.92536581841725,0.942560439279308,3.35713081806838e-05,0.00258045034806855,"Down",TRUE
"ENSG00000156052.11",833.005035456206,1.01718167378857,0.289545673574787,3.37904443023684e-05,0.00258669299139151,"Up",TRUE
"ENSG00000148488.17",30.7347390633216,1.55022075314828,0.460637616429233,3.39461023380859e-05,0.00258804532256423,"Up",TRUE
"ENSG00000114805.18",38.8066659788002,2.92117969500702,1.04543989576826,3.41028261450095e-05,0.00258946762894596,"Up",TRUE
"ENSG00000171631.16",25.178991793749,-1.63294965152744,0.48736081863225,3.53573528843899e-05,0.00267389981188199,"Down",TRUE
"ENSG00000182759.4",12.6986393701297,-5.94274304724741,1.59725971638398,3.61552108668696e-05,0.00271236391923256,"Down",TRUE
"ENSG00000279066.1",10.2091661318481,-1.61077969685746,0.48239737714416,3.75600102430546e-05,0.00279538885757337,"Down",TRUE
"ENSG00000225342.2",34.0412946130493,2.23920428094001,0.872626181796607,3.78719389863702e-05,0.00280746330312005,"Up",TRUE
"ENSG00000070961.17",3881.87473309196,-1.41892637737587,0.483419030026688,3.8375856528653e-05,0.00283361885509798,"Down",TRUE
"ENSG00000290958.1",2.91922904484535,-3.25239851284098,0.983266764965135,3.92817613387893e-05,0.002877849351207,"Down",TRUE
"ENSG00000077713.19",46.721056296883,1.53478616503155,0.465594680413975,3.95681508256735e-05,0.00288755124021598,"Up",TRUE
"ENSG00000255002.2",4.85838746405422,3.59387624909406,1.27243902156766,3.97473593828027e-05,0.00288938653187777,"Up",TRUE
"ENSG00000257878.3",11.8588441887955,2.52189378848587,0.828768369556365,4.00257446410684e-05,0.00289838934649899,"Up",TRUE
"ENSG00000146834.15",37.3756842418367,-1.33994141486644,0.395237198429525,4.03971552703291e-05,0.00291403325805778,"Down",TRUE
"ENSG00000230487.9",42.5436000344788,1.44499560748335,0.430613208835001,4.08985831089793e-05,0.00292768292446147,"Up",TRUE
"ENSG00000169397.4",34.4715473993599,3.03100037458767,1.27423823196629,4.25765470757879e-05,0.00303620965933993,"Up",TRUE
"ENSG00000196345.13",19.7072920153086,1.89542448887677,0.570470606987819,4.40973152554385e-05,0.00307451727738197,"Up",TRUE
"ENSG00000227782.2",12.8170407936304,-1.46741609164945,0.438661079820728,4.39762353849341e-05,0.00307451727738197,"Down",TRUE
"ENSG00000119227.8",11.4055258374584,1.75890710970966,0.53408429283163,4.42711669121329e-05,0.00307520642754464,"Up",TRUE
"ENSG00000100918.14",303.874923448605,-1.0137869072328,0.294171132194992,4.55558350663684e-05,0.00312966918194044,"Down",TRUE
"ENSG00000291103.1",54.5025693616798,1.43453816956632,0.426408087189906,4.62116357607463e-05,0.00316313587114159,"Up",TRUE
"ENSG00000291144.1",63.7368976587538,1.7178404796432,0.562432054662177,4.67091480029237e-05,0.0031855638937994,"Up",TRUE
"ENSG00000228407.2",7.03954280664412,-2.64282746219677,0.84649024319122,4.73956992814497e-05,0.00322067514501301,"Down",TRUE
"ENSG00000138772.13",512.658918733089,2.51388143587871,2.1599712243941,4.76219174188871e-05,0.00322436484184559,"Up",TRUE
"ENSG00000253295.2",7.42826926090186,-3.24003715935882,1.15251400037857,4.86017313666699e-05,0.00325892033380243,"Down",TRUE
"ENSG00000126583.12",7.51726238086712,-2.96396517083796,0.915264553603391,4.96312076646187e-05,0.00331257402046236,"Down",TRUE
"ENSG00000166130.15",93.0735867157537,1.57276725879038,0.476558747311983,5.03450349486497e-05,0.0033283259895584,"Up",TRUE
"ENSG00000279198.2",13.3706356364784,-1.64602249279781,0.509566402351048,5.00874202689577e-05,0.0033283259895584,"Down",TRUE
"ENSG00000133800.9",7.35888060068933,2.40495178002666,0.734242110907429,5.11247799282743e-05,0.00335260576068106,"Up",TRUE
"ENSG00000106178.7",5.43846617631297,-5.22254398316035,1.6058360387842,5.1667511013782e-05,0.00336466725369264,"Down",TRUE
"ENSG00000288970.1",34.2072624076646,2.05807989091967,0.774318412664325,5.30860592270463e-05,0.00342140563849915,"Up",TRUE
"ENSG00000037897.17",36.7887293129672,-1.3371247111844,0.410028787652506,5.28738613195243e-05,0.00342140563849915,"Down",TRUE
"ENSG00000233913.7",119.637242816728,2.03059781108049,0.686562077091969,5.33060359473573e-05,0.00342381748011194,"Up",TRUE
"ENSG00000273129.3",6.86851628336812,3.06011065846976,1.02329423274159,5.38785960216079e-05,0.00343705125301108,"Up",TRUE
"ENSG00000166233.15",1073.98130399252,-1.12030403907413,0.343528217879133,5.37208021337076e-05,0.00343705125301108,"Down",TRUE
"ENSG00000197121.15",82.3491918451273,-1.02664246900557,0.308687922852434,5.52641197420468e-05,0.00350735473513176,"Down",TRUE
"ENSG00000235286.1",3.94171801811753,-3.89125039587169,1.24094352479428,5.63168965491491e-05,0.0035443738079842,"Down",TRUE
"ENSG00000065989.16",345.603556920082,-1.32319935051455,0.439493333894141,5.82860091561057e-05,0.00365603378502596,"Down",TRUE
"ENSG00000157077.16",64.766681221567,-1.3909883871773,0.422501862304718,5.99831036890937e-05,0.00374994369896317,"Down",TRUE
"ENSG00000131355.15",481.975775773681,1.52629754807064,0.473830572416505,6.18314989506491e-05,0.00383989987688551,"Up",TRUE
"ENSG00000077150.21",1603.25081957737,-1.32004317419326,0.419876874909353,6.35225351988409e-05,0.00393131425682566,"Down",TRUE
"ENSG00000258819.2",35.5677426274316,2.22722802647078,1.67657412337495,6.43643074113709e-05,0.0039532226987124,"Up",TRUE
"ENSG00000161091.15",422.996411827909,-1.39052377349634,0.458677008378881,6.49209592750424e-05,0.0039532226987124,"Down",TRUE
"ENSG00000188158.17",38.6373923559913,2.11939991676058,0.724520529174099,6.47246448670274e-05,0.0039532226987124,"Up",TRUE
"ENSG00000133063.16",74.104087676118,2.62878809988531,1.11246159945792,6.70336010386194e-05,0.00405607903086335,"Up",TRUE
"ENSG00000177150.13",164.422329298415,-1.43752281582598,0.485069502473292,6.73164948984711e-05,0.00405607903086335,"Down",TRUE
"ENSG00000100368.15",2777.22047989215,1.40334222771564,0.445024934190735,6.78758880996777e-05,0.00406713188916759,"Up",TRUE
"ENSG00000138738.11",35.0172178013773,2.56166521362466,0.959271776391483,6.81956449551643e-05,0.00407327809278378,"Up",TRUE
"ENSG00000167195.8",11.636087329154,-4.73555528659898,1.32459175987707,6.88199575052851e-05,0.00409751842225912,"Down",TRUE
"ENSG00000285639.1",11.5424798474367,-2.42685800433824,0.829068876799891,6.93041265062992e-05,0.00411328763489127,"Down",TRUE
"ENSG00000137261.15",19.3683142348479,2.28601967596251,0.923587089367657,7.13998593259685e-05,0.00421871374114475,"Up",TRUE
"ENSG00000111052.8",276.952793859633,1.80365371517408,0.594553377650171,7.17912609128923e-05,0.00422083102953384,"Up",TRUE
"ENSG00000214018.3",16.0515806979587,2.06886123566076,1.0137902784942,7.33464779924483e-05,0.00428539936058682,"Up",TRUE
"ENSG00000177409.12",812.048220076935,1.66025392525907,0.555521115261012,7.41051891916855e-05,0.00429445171739969,"Up",TRUE
"ENSG00000160293.17",204.688370706183,-1.02316410939131,0.318039578517018,7.37622973899896e-05,0.00429445171739969,"Down",TRUE
"ENSG00000103381.12",2498.63269071317,1.35811333188591,0.460161848591525,7.42640013345659e-05,0.00429445171739969,"Up",TRUE
"ENSG00000123700.5",167.240803791865,2.02546900501252,0.645754085319308,7.44173184833325e-05,0.00429445171739969,"Up",TRUE
"ENSG00000167123.20",49.8577181123303,1.84858766744924,0.585221274808084,7.62300653744468e-05,0.00438556710459433,"Up",TRUE
"ENSG00000187479.9",15.5544033922889,-3.91926955148849,1.12245091291748,7.67734867801451e-05,0.00440332337786429,"Down",TRUE
"ENSG00000151650.8",92.0126779268501,-1.55717418071346,0.527036047627179,7.72318111572991e-05,0.00441610554346081,"Down",TRUE
"ENSG00000177706.9",477.738328943055,-1.85653682199768,0.855012380719842,7.91770832867119e-05,0.00448630271009753,"Down",TRUE
"ENSG00000142910.16",8.89452607661069,-4.75881056657095,1.35922797025658,7.94285593818418e-05,0.00448699587712784,"Down",TRUE
"ENSG00000222009.9",93.9432482093703,-1.46131887904691,0.470420244764339,8.0098921065437e-05,0.00449777025324033,"Down",TRUE
"ENSG00000008256.17",101.574470294159,-1.36943055972651,0.444908480085883,7.99760025188278e-05,0.00449777025324033,"Down",TRUE
"ENSG00000095397.17",47.526882820141,-1.35530217637284,0.424561839734037,8.25590557120972e-05,0.00462207489516532,"Down",TRUE
"ENSG00000138639.18",118.79534850326,1.00295649477606,0.311725209140612,8.57472760329273e-05,0.00474392378170369,"Up",TRUE
"ENSG00000165424.7",88.6648312612093,-1.22546969280425,0.389559886730552,8.69218247752027e-05,0.00478240239492353,"Down",TRUE
"ENSG00000141314.13",8.89006871116291,-4.54018614967488,1.30573734226825,8.88139787328687e-05,0.00485628621322144,"Down",TRUE
"ENSG00000106991.14",325.703841323391,-1.42502727116696,0.472735059582387,8.91795835035748e-05,0.00486210200177193,"Down",TRUE
"ENSG00000131374.15",600.66851706081,1.04280077828564,0.342860239951691,9.00657204817549e-05,0.00489618141343569,"Up",TRUE
"ENSG00000092051.18",6.95577539420886,2.86270803133793,0.980178385607724,9.07976935543782e-05,0.00492170734859065,"Up",TRUE
"ENSG00000115507.10",5.57972096189214,2.83970274989246,0.901563266899682,9.23259827274035e-05,0.00497193377021291,"Up",TRUE
"ENSG00000182585.10",9.98576272191971,-2.33598275613076,0.793658873769156,9.21598413897204e-05,0.00497193377021291,"Down",TRUE
"ENSG00000215156.5",47.4625141454257,-2.13598294359862,0.726931847142514,9.30497869018784e-05,0.00497193377021291,"Down",TRUE
"ENSG00000128833.13",12.8131963790824,-1.43293373548098,0.455408746887273,9.25951741222968e-05,0.00497193377021291,"Down",TRUE
"ENSG00000133048.13",554.334222973977,2.96984568915004,2.19584855685444,9.36572366242161e-05,0.00497603816681919,"Up",TRUE
"ENSG00000130595.20",133.630123589697,-1.57835713366747,1.97183463628528,9.36196472615049e-05,0.00497603816681919,"Down",TRUE
"ENSG00000287937.1",7.5210537343836,-2.33651390768913,0.836444645887534,9.45119029363982e-05,0.00500726197619251,"Down",TRUE
"ENSG00000088888.18",591.148163106767,1.02713558582497,0.328837160601665,9.79984650288514e-05,0.00514835073281823,"Up",TRUE
"ENSG00000281106.4",33.8010826263513,1.49548237442746,0.509763458234323,0.00010002219367873,0.00523998950403513,"Up",TRUE
"ENSG00000180712.5",7.4772144446671,2.04462204057496,0.746035497545416,0.000102139707878266,0.00533601732940636,"Up",TRUE
"ENSG00000285627.1",13.8472901486039,-2.23213365682782,0.778693992315706,0.000106395863018971,0.00550584731767599,"Down",TRUE
"ENSG00000100003.18",75.4953768711235,-1.35938895437114,0.484442260592947,0.000106564786793729,0.00550584731767599,"Down",TRUE
"ENSG00000263961.8",5.76562048206132,2.59857702968924,0.853388940002366,0.000107272260982283,0.00552717377671074,"Up",TRUE
"ENSG00000111913.20",4667.56230476141,1.18598845911349,0.404917559695063,0.000108160653683435,0.00555653896849202,"Up",TRUE
"ENSG00000205129.9",3.37793676388039,-3.19863994219289,1.1083778204783,0.000111531692722134,0.00569966456949217,"Down",TRUE
"ENSG00000111344.12",18.9138552836579,-3.23032394986904,1.63482783031906,0.000112622377191023,0.00570873698437199,"Down",TRUE
"ENSG00000169136.13",61.1670373068954,-1.2504944484626,0.416391819675932,0.000112449315500685,0.00570873698437199,"Down",TRUE
"ENSG00000280326.1",3.92867729943771,-3.84519846967024,1.34015258949755,0.000113131576100939,0.00571909086192213,"Down",TRUE
"ENSG00000198216.14",41.6766034378566,2.37439479950133,1.12243086179958,0.000114309099266952,0.00576308375470882,"Up",TRUE
"ENSG00000230832.3",6.49099455382663,-3.08947546180302,1.36638961546171,0.000118924423769292,0.00593198821221561,"Down",TRUE
"ENSG00000135124.16",591.34173430233,-1.0083704928223,0.332252910432548,0.000119324853693676,0.0059361740875992,"Down",TRUE
"ENSG00000189337.17",21.2748162184454,2.83305615544119,0.970380879678852,0.000120164752189786,0.00596214266486621,"Up",TRUE
"ENSG00000177535.10",61.4988601739019,-1.89015415995967,0.65570153203128,0.0001218642271293,0.00603051076467025,"Down",TRUE
"ENSG00000168159.15",717.919659064278,-1.16347430103119,0.396631897362971,0.000122501466626639,0.0060460921225858,"Down",TRUE
"ENSG00000143257.12",18.5508569355816,-2.61678111877825,0.952448262107456,0.000124161775911667,0.00606857824738814,"Down",TRUE
"ENSG00000140406.4",432.978464307041,-1.38426011161358,0.5118883981149,0.000123483113455408,0.00606857824738814,"Down",TRUE
"ENSG00000049759.20",94.9129245554402,-1.30364055676201,0.454870136521218,0.0001238054505055,0.00606857824738814,"Down",TRUE
"ENSG00000283118.1",30.6455522018596,-1.80139699934075,0.628087599659781,0.000126991109631173,0.00615431075228077,"Down",TRUE
"ENSG00000284738.2",4.55173039074928,-2.66266590015245,0.928407753971293,0.000133000967598471,0.00638665351036497,"Down",TRUE
"ENSG00000286151.1",4.01328931786259,3.2471954850994,1.08141161307365,0.000132867564470773,0.00638665351036497,"Up",TRUE
"ENSG00000143226.16",2126.10796904866,1.1322885655552,0.371932903795062,0.000133643079515993,0.00638665351036497,"Up",TRUE
"ENSG00000188404.10",9668.04233545873,1.12685633730393,0.367274910488533,0.000133828569958594,0.00638665351036497,"Up",TRUE
"ENSG00000183876.9",11.6378022664244,-4.29208932831839,1.37858286588071,0.000133391165211484,0.00638665351036497,"Down",TRUE
"ENSG00000174871.11",11.2434359406343,-1.64283688485984,0.542897275495548,0.000136084491426784,0.00644511271896297,"Down",TRUE
"ENSG00000111886.11",26.203617867548,1.63001863931815,0.563879430582454,0.000139716715488935,0.00658388693214819,"Up",TRUE
"ENSG00000122490.19",460.066741697127,-1.25553204215366,0.425737880719691,0.000139620792077524,0.00658388693214819,"Down",TRUE
"ENSG00000234456.10",70.2944727728684,1.98287279691542,0.693003279382452,0.000141893073881025,0.00666968571588626,"Up",TRUE
"ENSG00000104885.19",850.151930861416,-1.44047469245769,0.593453188248912,0.000144085635009122,0.00673208297087718,"Down",TRUE
"ENSG00000141682.12",907.947919056847,1.06175839877405,0.344503237558909,0.000144664237488085,0.00673245105233012,"Up",TRUE
"ENSG00000074527.13",4.87181834824356,3.16931817642154,1.07411303848629,0.000147084381183559,0.00680448435649755,"Up",TRUE
"ENSG00000202019.1",34.2920267467165,1.64940931665839,0.579611898036015,0.000147935324778971,0.00680448435649755,"Up",TRUE
"ENSG00000171790.16",6.83794152380507,-2.49578813014057,0.909260811382323,0.000152691035960241,0.00694573195604409,"Down",TRUE
"ENSG00000279166.1",156.327524789396,-1.49507613881562,0.512152657248551,0.000152287252368748,0.00694573195604409,"Down",TRUE
"ENSG00000124557.14",3.97906081201484,4.41827058043753,1.84395001521648,0.000153320876022514,0.00694573195604409,"Up",TRUE
"ENSG00000288745.1",16.8231525766013,-2.36485987644559,0.858715316177473,0.000153081392875613,0.00694573195604409,"Down",TRUE
"ENSG00000130584.12",22.7506636062763,-1.59194443586226,0.574658883647758,0.000154884702776304,0.00699966891703512,"Down",TRUE
"ENSG00000132170.24",107.228758643947,-2.06487602679581,1.36004466237397,0.000156105700570226,0.00700306269793095,"Down",TRUE
"ENSG00000183625.16",118.3431446185,2.27753678083375,0.866677802442806,0.000155669465614787,0.00700306269793095,"Up",TRUE
"ENSG00000132205.11",944.16417437978,-1.13952233260924,0.377057604011731,0.000156826783957931,0.00700306269793095,"Down",TRUE
"ENSG00000198723.11",6.45406675861051,-2.44959205908515,0.904433290604063,0.000156590982733775,0.00700306269793095,"Down",TRUE
"ENSG00000289198.1",8.22016088095372,-2.3445246707438,0.793708309542645,0.00015727555103709,0.00700642033183048,"Down",TRUE
"ENSG00000165682.15",113.162713598297,1.36205116281097,0.481227693382512,0.000160099796268058,0.00711533573224508,"Up",TRUE
"ENSG00000124104.19",35.8279684881387,-1.21038470431505,0.404458670108869,0.000164803408182531,0.00727267745991383,"Down",TRUE
"ENSG00000248385.8",5.4538865098236,3.24317330139849,1.34838834941069,0.000166061591474796,0.00731099800025776,"Up",TRUE
"ENSG00000221968.9",78.9119588039491,-1.14121203719987,0.37527304961635,0.000166471370905651,0.00731187485090275,"Down",TRUE
"ENSG00000090924.15",581.257453543923,-1.14747746183591,0.383422860618387,0.000167360968282762,0.00733377327136264,"Down",TRUE
"ENSG00000274421.1",18.2726656231618,-2.16026495748615,0.760174315754592,0.000168661137100313,0.00735002621779437,"Down",TRUE
"ENSG00000135378.4",130.805374949529,1.58330236385666,0.558560228952119,0.000168348584500862,0.00735002621779437,"Up",TRUE
"ENSG00000166148.4",13.3318173852271,1.7467432440753,0.590185150863436,0.000172577268985682,0.00749233027737607,"Up",TRUE
"ENSG00000258102.5",24.2586517622845,1.16200769219394,0.392823164468921,0.000174879150543609,0.00752616080400673,"Up",TRUE
"ENSG00000184205.14",980.365469215238,-1.039007512122,0.359804167313644,0.000176020802605217,0.00755439394247333,"Down",TRUE
"ENSG00000114698.15",5.41434872643609,3.17067328540798,1.5556836325148,0.000177243949114384,0.00758952115442986,"Up",TRUE
"ENSG00000243663.1",3.81881200790746,-2.29169103466169,0.862755476748573,0.000187531345482436,0.00801173208319608,"Down",TRUE
"ENSG00000087253.13",722.235700544225,1.18220839282962,0.399760391739,0.000189137113185863,0.0080436883396845,"Up",TRUE
"ENSG00000241458.1",5.99745732350098,-3.0549292847887,1.39087768866208,0.000190428658058428,0.00808029294544304,"Down",TRUE
"ENSG00000159339.13",990.528482963328,1.13269625445901,0.382097166831208,0.000192464242741469,0.00809512391411086,"Up",TRUE
"ENSG00000196975.16",353.09478105309,1.31091807817622,0.554700431173601,0.000191899114260564,0.00809512391411086,"Up",TRUE
"ENSG00000133657.17",1845.03210555492,-1.49882361625432,0.73121155990062,0.000193061037934263,0.00809512391411086,"Down",TRUE
"ENSG00000054598.9",11.9043240482772,-2.85143892133222,0.926247888990564,0.00019296515590006,0.00809512391411086,"Down",TRUE
"ENSG00000141404.17",25.219004558816,1.11390656878573,0.366204697366119,0.000193367929273349,0.00809512391411086,"Up",TRUE
"ENSG00000132326.13",309.691869255317,-1.1121524328968,0.387362579405855,0.000197410942147789,0.00822109015876515,"Down",TRUE
"ENSG00000197563.11",170.308552990002,1.02991749581601,0.360726187659876,0.000197691904111068,0.00822109015876515,"Up",TRUE
"ENSG00000136830.12",568.673465103113,-1.48265033548128,0.58233002022786,0.000199775197551438,0.00828934475680799,"Down",TRUE
"ENSG00000090674.16",484.345557510536,-1.19371382283263,0.434489147365628,0.000201819013766972,0.00835566358322197,"Down",TRUE
"ENSG00000102265.12",3038.37664212741,-1.47458136856349,0.645193337384931,0.000202478995675646,0.00836452326849504,"Down",TRUE
"ENSG00000113303.12",108.30383767567,2.04966727142198,1.0988311353836,0.000208034714503483,0.0085376172221287,"Up",TRUE
"ENSG00000188886.4",110.574627309314,-2.02014707443996,1.21494667392324,0.000212113412633899,0.00859219666079647,"Down",TRUE
"ENSG00000181045.15",254.69305801213,-1.23695247937318,0.446190272452849,0.0002119388261662,0.00859219666079647,"Down",TRUE
"ENSG00000101421.4",1711.21534031111,-1.34613412012912,0.490469694985086,0.00021331690334612,0.00860378176829349,"Down",TRUE
"ENSG00000014257.17",211.86402809803,1.24246850980554,0.454355960900091,0.000215159397465566,0.00865947317482122,"Up",TRUE
"ENSG00000104361.10",110.793273248105,1.26703824265505,0.516640469345904,0.000215628093940268,0.00865975353715143,"Up",TRUE
"ENSG00000158882.15",148.256928448412,-1.17564113941323,0.450272359557463,0.000216456196227672,0.00867443581249999,"Down",TRUE
"ENSG00000205710.4",15.181891348689,-1.86580638508289,0.770943697892155,0.000218219656619269,0.00872645982919913,"Down",TRUE
"ENSG00000184005.12",25.5588926671766,1.10984592451054,0.383720797922513,0.000229358065361905,0.00909431398702438,"Up",TRUE
"ENSG00000148848.15",17.4952505749485,1.75693495277959,0.623263637596074,0.000234651429466912,0.0092650264413725,"Up",TRUE
"ENSG00000181274.7",367.88045532781,1.50547151523048,0.585028596682707,0.000240181679869362,0.00942386486600393,"Up",TRUE
"ENSG00000228716.7",54.5714458114344,1.60496349455545,0.598183902591527,0.000246416315799255,0.00962820417253129,"Up",TRUE
"ENSG00000181790.13",28.3901789420043,-2.17003360238307,0.832415607024151,0.000249762441694389,0.00973865819953902,"Down",TRUE
"ENSG00000162924.16",1421.50464420837,-1.00704947573742,0.361719007060858,0.000254221842345174,0.0098714920355771,"Down",TRUE
"ENSG00000198876.13",804.466719299413,1.32184310849376,0.503524649211687,0.000255476395024883,0.00989971030721423,"Up",TRUE
"ENSG00000141736.14",116.220347984014,1.526207062908,0.596032110994083,0.000257574010172804,0.00993991884936408,"Up",TRUE
"ENSG00000279602.2",464.193330879607,-1.50248232656026,0.739951638867135,0.000258269940465657,0.00994630951423694,"Down",TRUE
"ENSG00000229948.2",14.8264218710744,-1.63925511861087,0.583054044568065,0.000260887452205454,0.0100254014249112,"Down",TRUE
"ENSG00000138670.19",1340.35223361669,-1.52115589224029,0.598211173894687,0.000261392764424503,0.0100254014249112,"Down",TRUE
"ENSG00000233223.5",64.5413888157324,-1.51169164740323,0.651321496212943,0.000262997101458172,0.0100458465129288,"Down",TRUE
"ENSG00000250539.1",32.7064999841221,-1.03354247472673,0.353706579657505,0.000268231198412053,0.0101660349289794,"Down",TRUE
"ENSG00000286379.1",5.23713971663836,-3.10674749237146,1.12757341946245,0.000269731883879361,0.0101820577881806,"Down",TRUE
"ENSG00000229419.1",10.634791648907,-1.87864088821648,0.80952762175928,0.000269820459649468,0.0101820577881806,"Down",TRUE
"ENSG00000233030.2",10.8211209753982,2.72056322716013,1.24109983097389,0.000277664248710337,0.0103794762410527,"Up",TRUE
"ENSG00000002587.10",30.8927541964588,-1.8988292280382,0.837501163118923,0.00027781909213588,0.0103794762410527,"Down",TRUE
"ENSG00000145284.12",34.7539470419703,1.31937757329102,0.492714278366163,0.000281456321512452,0.0104620584280301,"Up",TRUE
"ENSG00000111058.8",10.6027391866939,2.33313533678648,0.992292999104037,0.000282527352326979,0.0104719377329891,"Up",TRUE
"ENSG00000142959.5",14.9386127796339,-1.86912953157389,0.723535329378189,0.00028437148763023,0.0104987938002066,"Down",TRUE
"ENSG00000260943.1",8.51012513507916,2.76197196308723,1.17434702245988,0.000284001572171651,0.0104987938002066,"Up",TRUE
"ENSG00000186891.14",29.3381316864109,-1.304192839762,0.46494477511329,0.000286194699145182,0.0105165320062285,"Down",TRUE
"ENSG00000058668.16",1021.46080685369,1.1437332599442,0.424823569360579,0.000287093353291078,0.0105165320062285,"Up",TRUE
"ENSG00000232653.9",34.3752472993593,1.31861586023302,0.492359490458476,0.000289594612044318,0.0105463047551285,"Up",TRUE
"ENSG00000261218.6",21.2334566783449,1.28220819424667,0.481678775717868,0.000288588579573124,0.0105463047551285,"Up",TRUE
"ENSG00000288839.1",142.826766556095,-1.52241367423275,0.571136191891644,0.000292790926440899,0.010642042297285,"Down",TRUE
"ENSG00000236320.4",83.2625052106741,1.25737951945931,0.478295013603222,0.00029811440036188,0.0107109876988258,"Up",TRUE
"ENSG00000233429.9",18.9949075478564,-1.48867164052908,0.566680493586969,0.000298767637420413,0.0107139331545313,"Down",TRUE
"ENSG00000161981.11",70.7476200671754,-1.03776799016668,0.371756848479415,0.000304239901731489,0.0108396793866468,"Down",TRUE
"ENSG00000288887.2",24.5995530317519,1.47243254905849,0.551786585855422,0.000308405736757736,0.0109013138799619,"Up",TRUE
"ENSG00000086967.10",3.52966767576443,-2.33497782640825,0.852925871567069,0.000308346485894958,0.0109013138799619,"Down",TRUE
"ENSG00000117281.16",121.046247445867,1.30982709071824,0.494624004295776,0.000309851756814553,0.0109234392839416,"Up",TRUE
"ENSG00000260179.1",3.61920158385779,-2.42558948617955,0.883534998561815,0.000311026155994375,0.0109442693352242,"Down",TRUE
"ENSG00000288927.2",6.04526106611563,-2.96611057428588,1.2393646895811,0.000312689997523039,0.0109683147255564,"Down",TRUE
"ENSG00000218596.2",30.5144194245218,-2.4057539682403,0.852477811497732,0.000314915986094264,0.0109986020841675,"Down",TRUE
"ENSG00000134755.18",407.936849532579,1.46654769595931,0.699557605479247,0.000314562204057575,0.0109986020841675,"Up",TRUE
"ENSG00000185842.16",11.237606656399,-1.67037521189981,0.665356510771494,0.000331511683494136,0.0114502792337616,"Down",TRUE
"ENSG00000167261.14",370.780594695303,1.02476667252358,0.399385138215866,0.000337543564742294,0.0116158340490674,"Up",TRUE
"ENSG00000063245.15",534.55410162242,-1.04608767034172,0.37980945133169,0.000338317090760237,0.011621130104777,"Down",TRUE
"ENSG00000158106.14",56.7986991067914,-1.3225593587837,0.507124810382611,0.000344618893893435,0.0117729095718969,"Down",TRUE
"ENSG00000237768.2",3.8287341018251,-2.66380785959166,1.10487152391805,0.000344198445201608,0.0117729095718969,"Down",TRUE
"ENSG00000007038.11",16.774163121031,-1.62042427287541,0.607649924409695,0.000354066681878641,0.0120472350612368,"Down",TRUE
"ENSG00000163751.4",49.8228165324822,2.27674893548136,1.10691322443224,0.000356227176124072,0.0120814478991085,"Up",TRUE
"ENSG00000290095.1",7.19092311543867,-2.24958755290158,1.02617847252848,0.000359461144963541,0.012147195988813,"Down",TRUE
"ENSG00000274286.2",25.3642628567264,-2.70594338932282,1.13980955014762,0.000361437791304714,0.0121532765329682,"Down",TRUE
"ENSG00000170962.13",93.9236898235912,1.19196738692517,0.430983628934463,0.000361585086931286,0.0121532765329682,"Up",TRUE
"ENSG00000127418.15",149.19263397778,-1.03031335336306,0.39296850220364,0.000364503886328839,0.0122291707711845,"Down",TRUE
"ENSG00000204388.7",177.645487622524,-1.85536651493441,0.882347041606159,0.000367400504789336,0.0122608478066263,"Down",TRUE
"ENSG00000276337.1",14.7831704297362,-1.69996318891155,0.644907156193535,0.000366860605905975,0.0122608478066263,"Down",TRUE
"ENSG00000260144.1",5.20394073140293,-2.97247354444049,1.43598565712557,0.000380146373881747,0.0126188411365525,"Down",TRUE
"ENSG00000287091.1",18.7136129163817,1.29287905420044,0.476962633046374,0.000383516060887332,0.0126758382691678,"Up",TRUE
"ENSG00000072952.21",206.191690325504,1.54294406502783,0.604213728181035,0.00038389102302785,0.0126758382691678,"Up",TRUE
"ENSG00000160460.17",30.4018966274682,-2.08312355130431,1.41560662667907,0.000383170989727278,0.0126758382691678,"Down",TRUE
"ENSG00000179299.17",29.0751667813842,1.76255145559404,0.827857249730966,0.000387034756487448,0.0127348015051265,"Up",TRUE
"ENSG00000245248.10",4.64726174337955,-2.23960304619507,1.06424468526034,0.00038668484462411,0.0127348015051265,"Down",TRUE
"ENSG00000167604.15",963.784003739524,-1.5015872157751,0.58328617218671,0.000389980673043708,0.012796030504104,"Down",TRUE
"ENSG00000279738.1",25.4098878826732,-1.27428042488148,0.490106040377057,0.000390260167867101,0.012796030504104,"Down",TRUE
"ENSG00000011566.15",164.029335881793,-1.23318794730829,0.502408761254724,0.000395726533616843,0.0129526197870574,"Down",TRUE
"ENSG00000219881.1",19.5654401483042,-1.17052162347647,0.435319585776211,0.000398327627885076,0.0129990569579614,"Down",TRUE
"ENSG00000287695.1",8.49720406882044,-1.99734648218036,0.79640580564645,0.000401563894463355,0.0130299841533914,"Down",TRUE
"ENSG00000112303.14",2629.00861656323,1.12189168914423,0.436212768265211,0.00040135411123143,0.0130299841533914,"Up",TRUE
"ENSG00000289437.1",21.7554764114288,-1.52152181668545,0.579606659336598,0.00040246433655952,0.0130366470331154,"Down",TRUE
"ENSG00000170006.13",1933.19775230625,1.02800663753761,0.373078416101539,0.000405535273138959,0.0130989766203336,"Up",TRUE
"ENSG00000270986.1",36.5374326110446,-1.28688231347412,0.489469235039074,0.00041518376508967,0.013333512866878,"Down",TRUE
"ENSG00000160593.20",3202.73911523101,1.26559477289643,0.649803665972608,0.000427218933751705,0.0136371378718191,"Up",TRUE
"ENSG00000224186.8",29.4503358469946,-1.19735212506334,0.463184639920823,0.000441199453315952,0.013977526599562,"Down",TRUE
"ENSG00000105483.18",1015.57297935808,1.14222557800658,0.509465873748552,0.000447179510521908,0.0141183919384269,"Up",TRUE
"ENSG00000112079.9",1266.89597152847,1.04769166615755,0.432796577038748,0.000450241910206829,0.0141682668220286,"Up",TRUE
"ENSG00000172572.7",31.6615954878245,2.01896016890277,0.806756244456534,0.000451615106909802,0.0141876739197543,"Up",TRUE
"ENSG00000248455.8",6.69600425697676,2.47737080403818,1.64049173826471,0.000454907172464775,0.0142671973571519,"Up",TRUE
"ENSG00000138722.10",350.733753655623,1.6155353835396,0.640198863687449,0.000456561944232201,0.014295190758055,"Up",TRUE
"ENSG00000136010.14",7.91611160948233,1.51499150640511,0.60155040172738,0.000457971947476951,0.0143154397915504,"Up",TRUE
"ENSG00000108852.16",16.1649057897742,-1.79807680625767,0.749325433878502,0.000463780071570895,0.0144248677318609,"Down",TRUE
"ENSG00000100350.16",23.6434479169916,1.30087490812437,0.51971851007268,0.000469163509766945,0.0145681483868858,"Up",TRUE
"ENSG00000189127.8",17.2067669790491,2.27129118470878,0.955567339703799,0.000470812623858234,0.0145951913396053,"Up",TRUE
"ENSG00000287507.1",4.37885104381652,-2.38201190361544,0.962693973853658,0.000472066414648782,0.0146099102421418,"Down",TRUE
"ENSG00000171604.12",422.933779198526,-1.02490457499343,0.403507717559529,0.000475495182578817,0.0146917827829748,"Down",TRUE
"ENSG00000253552.8",8.98322493687484,-1.91726762019589,0.770773879473613,0.000477200880928125,0.0147202344108667,"Down",TRUE
"ENSG00000246263.4",40.0182259165632,1.05262579228654,0.392420474425807,0.000489855129638006,0.0149905019953951,"Up",TRUE
"ENSG00000255443.1",31.5562778056389,-1.26550940071135,0.503928335493304,0.000489958822883347,0.0149905019953951,"Down",TRUE
"ENSG00000242193.11",32.9614362948099,1.35449098277916,0.548135626943765,0.000495906818284551,0.0151231420763037,"Up",TRUE
"ENSG00000036672.16",5.57689267040047,-2.02195954340078,0.86313893188902,0.000509254643357848,0.0154547857407262,"Down",TRUE
"ENSG00000267898.1",6.38608864172516,-1.74990135866273,0.704068518964498,0.000510077972461186,0.0154547857407262,"Down",TRUE
"ENSG00000163870.16",174.796751555369,-1.17742571062133,0.480510914896825,0.000514453302474807,0.0155371524765137,"Down",TRUE
"ENSG00000286563.1",4.1999004386553,-2.47476646857597,1.22560410589412,0.000517376771033755,0.0155752830509439,"Down",TRUE
"ENSG00000131097.7",8.14643196648532,-1.80126278354996,0.802215515272143,0.000525738812283486,0.0158016529236807,"Down",TRUE
"ENSG00000138411.13",34.7645491602226,1.32975789250079,0.524228663673975,0.000528805485687038,0.0158683950144966,"Up",TRUE
"ENSG00000125462.20",12.4545235606457,-1.74554252898525,0.753303313805374,0.000536764783152395,0.016081507201315,"Down",TRUE
"ENSG00000140563.16",785.025099442742,1.08705981879381,0.445715425732813,0.000544042454205024,0.016273550603852,"Up",TRUE
"ENSG00000143297.19",184.375541838257,1.26472568972537,0.499541603039621,0.000544974711345824,0.0162754788396352,"Up",TRUE
"ENSG00000147036.12",22.6314612806493,1.41008599710027,0.582661117022964,0.000546285327270434,0.016288682532523,"Up",TRUE
"ENSG00000100365.16",1002.57293160484,1.07617877152748,0.408078008668086,0.00055382756507666,0.0163702777224508,"Up",TRUE
"ENSG00000157933.11",947.568411396806,-1.06165426440723,0.447996877518906,0.000559278065283896,0.0164925473496847,"Down",TRUE
"ENSG00000103154.10",28.823759112358,1.61965845689297,0.95979656946975,0.000560422921528034,0.0165003640396519,"Up",TRUE
"ENSG00000170837.3",45.2913018132209,1.64297937784807,0.691044296436007,0.000571902064987656,0.0168060479707466,"Up",TRUE
"ENSG00000253616.5",11.6628751051917,2.6238529054941,1.25001832645149,0.000572597422197126,0.0168060479707466,"Up",TRUE
"ENSG00000052126.17",50.8656005047524,-1.11574157913703,0.443191318798793,0.000574717149103494,0.0168419064553688,"Down",TRUE
"ENSG00000007350.18",222.968186786586,-1.24127519780301,1.34725275165169,0.000584901477422764,0.0170603844619968,"Down",TRUE
"ENSG00000233029.3",4.92931157559325,3.02790050037332,1.14821433719018,0.0005927491959129,0.0171536519159279,"Up",TRUE
"ENSG00000290937.1",89.352853445088,1.37386429864592,0.981834891321104,0.000595487035909146,0.0171536519159279,"Up",TRUE
"ENSG00000145911.6",87.1756230881743,-1.4082776478422,0.668613724011127,0.0005959799935146,0.0171536519159279,"Down",TRUE
"ENSG00000240132.1",11.3227034964008,-1.78892181243698,0.790873650872696,0.000601111827673101,0.0172383063119404,"Down",TRUE
"ENSG00000279162.1",3.43236292298837,-1.97151114159386,0.820598782743309,0.000622780611014785,0.0176973490296701,"Down",TRUE
"ENSG00000287839.2",85.8403825522321,1.1343119974976,0.549707319532434,0.000624151709826723,0.0177094785443271,"Up",TRUE
"ENSG00000224376.3",10.9445560257608,1.23249814359792,0.479810624073606,0.000639097971751892,0.0180216997364282,"Up",TRUE
"ENSG00000155254.13",65.1333748476323,1.0520376472641,0.419981006178633,0.000643758607575279,0.0181014882834698,"Up",TRUE
"ENSG00000073331.18",455.088216049819,1.20408022907699,0.480348131310288,0.000644934915152059,0.0181074166671809,"Up",TRUE
"ENSG00000009950.16",6.27499753782733,-5.1188457803239,1.85863722185552,0.000648639639836134,0.0181842099329248,"Down",TRUE
"ENSG00000260979.1",3.39478672051242,-2.17325896769456,0.92866626954136,0.000662016016719262,0.0184215287738424,"Down",TRUE
"ENSG00000228923.1",4.59241768017571,-1.71055785811996,0.743708662779432,0.000660656107401211,0.0184215287738424,"Down",TRUE
"ENSG00000111602.12",153.712434793085,1.03697802978561,0.449488699849258,0.000667208783655554,0.0185385196110517,"Up",TRUE
"ENSG00000188157.15",78.9885240145484,-1.65083899545892,0.755503169654277,0.000685915289149666,0.0188858177272748,"Down",TRUE
"ENSG00000257242.9",82.8344622513123,-1.19828782590214,0.534328342015207,0.000684768529946794,0.0188858177272748,"Down",TRUE
"ENSG00000280248.1",17.271090273028,-1.54265424114515,0.736020384041762,0.000689672521456573,0.0189105382162544,"Down",TRUE
"ENSG00000123094.16",10.4590676419481,-2.69541327586909,1.29420295143247,0.000692821606457877,0.0189415003339905,"Down",TRUE
"ENSG00000110721.12",234.61360049579,-1.35967837060329,0.657867227765084,0.000695540828062926,0.0189881633629115,"Down",TRUE
"ENSG00000125257.16",278.882858368061,1.21564100014159,0.525702822833899,0.000701701109576487,0.0191007319450029,"Up",TRUE
"ENSG00000166886.13",233.863766457101,-1.77586406055906,0.802621572221774,0.000713924151745893,0.0192656798071859,"Down",TRUE
"ENSG00000264281.3",17.7978608136972,-1.25978173226561,0.531495974448445,0.00072590007923166,0.0193659402361163,"Down",TRUE
"ENSG00000237980.2",6.10636863317823,-1.6583282741761,0.683246331707367,0.000743378328951073,0.019733549147379,"Down",TRUE
"ENSG00000163975.14",53.8491142879674,-1.27097309837754,1.77415786404772,0.000756167564054711,0.0199090551451273,"Down",TRUE
"ENSG00000177453.7",4.08163835027871,-2.08480567854187,0.908348312494104,0.00075437726748446,0.0199090551451273,"Down",TRUE
"ENSG00000196338.15",77.7837747614381,-1.06166748663508,0.422044851467097,0.000763099731116879,0.0199887366719233,"Down",TRUE
"ENSG00000258302.2",114.20574570956,-1.3585629350065,0.595997490152905,0.000770658250862533,0.0201585711226315,"Down",TRUE
"ENSG00000117594.10",4.18050080077258,-2.24493334022404,1.15869837063765,0.000786238723162156,0.0203954457163295,"Down",TRUE
"ENSG00000197061.5",43.6539500044649,1.2331173678848,0.543283956521451,0.000784814719134591,0.0203954457163295,"Up",TRUE
"ENSG00000246363.4",10.8940029561941,2.27913274087673,1.09717670456855,0.000785521743697803,0.0203954457163295,"Up",TRUE
"ENSG00000010310.9",32.9317349794612,-1.00828275432796,0.397598759681682,0.000783986664084822,0.0203954457163295,"Down",TRUE
"ENSG00000096968.14",750.987748191945,1.13477570019316,0.498986365240978,0.000787870495496971,0.0204095457776874,"Up",TRUE
"ENSG00000174521.8",9.61005158826259,-1.97546511484097,0.846826683552904,0.000790463546160774,0.0204484742182694,"Down",TRUE
"ENSG00000104856.15",612.779467927213,-1.08445644615444,0.442072389323875,0.000798903398808808,0.0206099494424473,"Down",TRUE
"ENSG00000184678.11",1543.77096107782,1.33725005888627,0.563833147570183,0.000804257758408149,0.0206712176445417,"Up",TRUE
"ENSG00000178860.9",57.8719216607939,-1.33006132704255,0.727483387998852,0.000804584851000557,0.0206712176445417,"Down",TRUE
"ENSG00000250461.1",27.2409365299336,-1.24196781902601,0.54079931576203,0.000807469475645155,0.0207074067785708,"Down",TRUE
"ENSG00000161642.18",1250.32067683299,-1.04690800226683,0.435610310691272,0.000811014261370767,0.0207511220627677,"Down",TRUE
"ENSG00000126262.5",986.393315667317,1.40948566099145,0.636544991522372,0.000830902012715533,0.0211334309890939,"Up",TRUE
"ENSG00000233431.1",3.50041203332299,3.04657292173082,1.28472926643447,0.000834465301144725,0.0211778034140316,"Up",TRUE
"ENSG00000186767.7",41.6021553963071,1.07446062099837,0.464423631191102,0.000837342811581238,0.0211934742661351,"Up",TRUE
"ENSG00000170092.15",24.5481726221755,-1.06059669235887,0.429787422173873,0.000849828130365894,0.0214227507863069,"Down",TRUE
"ENSG00000153558.17",11.2183683759451,-1.2508426419597,0.52109173074476,0.000853397035431807,0.0214764990123178,"Down",TRUE
"ENSG00000198742.10",489.111011021041,-1.06696700737555,0.471016803631406,0.000855395615153366,0.0214764990123178,"Down",TRUE
"ENSG00000103249.19",392.789977858431,-1.22435680872537,0.526080567972206,0.000858943789790948,0.0215079983678628,"Down",TRUE
"ENSG00000276256.1",9.9096880713398,1.73415185136802,0.890212706306857,0.000866070286356306,0.0216575309608167,"Up",TRUE
"ENSG00000110436.13",13.0396713861631,-1.76147677427327,0.843490889464842,0.000882582839399845,0.0219533702293688,"Down",TRUE
"ENSG00000234506.7",24.4393681673595,1.54886591110684,0.765053597986279,0.000887055332307263,0.0219816645733325,"Up",TRUE
"ENSG00000175505.11",114.088895149673,-1.07660064810444,0.470632496257333,0.000888408517546575,0.0219816645733325,"Down",TRUE
"ENSG00000142686.8",42.4750108492988,1.22493592732655,0.53321499561035,0.000890716984480391,0.0220097457759285,"Up",TRUE
"ENSG00000224003.1",10.1274236184325,-1.90729554087161,0.862544513650979,0.000892804055004908,0.0220322895416014,"Down",TRUE
"ENSG00000284657.1",12.128974387472,-1.85047920193008,1.0705263970223,0.000897524821305185,0.0221196820283558,"Down",TRUE
"ENSG00000100292.18",1854.38704852756,-1.13575485135182,0.724135450988937,0.000901302445473083,0.0221836317123985,"Down",TRUE
"ENSG00000286864.1",34.5699423415266,-1.11930888355248,0.481897975713809,0.000904245559306269,0.0221978081999857,"Down",TRUE
"ENSG00000105928.16",35.5799464022481,-1.54964792942348,0.909483377067924,0.00090368240362032,0.0221978081999857,"Down",TRUE
"ENSG00000144647.7",52.8797756111042,-1.09046373882881,0.448839994655778,0.000906511068738382,0.0221985623547536,"Down",TRUE
"ENSG00000132669.14",247.625434552246,-1.11340319304917,0.463035356262216,0.000907704457331511,0.0221985623547536,"Down",TRUE
"ENSG00000260526.1",8.0069812569238,-1.60361329415758,0.680974243979797,0.000923953551518286,0.0225048686476954,"Down",TRUE
"ENSG00000198142.5",43.0993279906389,-1.329084556231,0.596339559927641,0.000946645120419811,0.0227652427718773,"Down",TRUE
"ENSG00000053524.13",32.9342905733523,-1.37199415871355,0.608702323655473,0.00095042309199573,0.0227652427718773,"Down",TRUE
"ENSG00000160972.10",20.3084366326329,-1.00897538487732,0.405043431975717,0.000945265134501366,0.0227652427718773,"Down",TRUE
"ENSG00000169891.18",226.953184096415,1.32157330387646,0.651910742813355,0.000948940291895315,0.0227652427718773,"Up",TRUE
"ENSG00000225968.8",7.20879020913077,-3.8134252385302,1.78759707288637,0.000959450255091619,0.0229229166041316,"Down",TRUE
"ENSG00000150045.12",335.395492448204,1.29605685936048,0.646884819658183,0.000977865324222846,0.0232739392840095,"Up",TRUE
"ENSG00000073464.13",64.6678710508515,1.17620620839075,0.500560501035347,0.000982966788063176,0.0233361292533226,"Up",TRUE
"ENSG00000131781.13",95.6616618891596,1.10413758313977,0.529845270013974,0.00100572788233668,0.0238234188297491,"Up",TRUE
"ENSG00000221539.1",9.67083947512248,-1.63882578379701,0.804881543450505,0.00104513459615672,0.0245325398634785,"Down",TRUE
"ENSG00000254206.6",30.0990720172469,-1.06163012162658,0.447295154369171,0.00107364613207238,0.0250417165359607,"Down",TRUE
"ENSG00000163568.16",61.704412942396,1.26141295044992,0.586656104223942,0.00110489339952514,0.0255830564297457,"Up",TRUE
"ENSG00000111012.10",10.5104091093655,-2.05032861651327,0.989121096664501,0.00110264158289601,0.0255830564297457,"Down",TRUE
"ENSG00000253368.4",11.8956588354667,-1.61317216650684,0.674835843974569,0.00111632176753538,0.0256890978529153,"Down",TRUE
"ENSG00000091181.20",27.7925177144829,1.21714630278784,0.520894659358451,0.001120517863801,0.0257540594798869,"Up",TRUE
"ENSG00000110318.15",25.9728378013786,1.21528695541402,0.528934874453981,0.00112728975891342,0.0258463562694635,"Up",TRUE
"ENSG00000128311.14",51.4686040343961,1.15597946042835,0.513410736270189,0.00112935342959313,0.025862055643491,"Up",TRUE
"ENSG00000080603.17",41.8872752142454,-1.01084391647252,0.475907126933082,0.00115434719729037,0.0262144382464777,"Down",TRUE
"ENSG00000224579.1",13.8774604735697,1.67951696163766,0.837391486380155,0.0011545255127481,0.0262144382464777,"Up",TRUE
"ENSG00000137218.10",19.2647860056857,1.29442407515415,0.571553282681613,0.00116573821211334,0.0264050968214802,"Up",TRUE
"ENSG00000163683.12",238.520846095928,1.05788767021702,0.615848807858062,0.0011708939933982,0.0264898876311015,"Up",TRUE
"ENSG00000114554.12",78.8317526325591,-1.23228512166056,0.543874933047989,0.00117463920833996,0.0265426004245976,"Down",TRUE
"ENSG00000136541.15",177.859380944465,-1.09762080014221,0.660072654472828,0.00118579841142059,0.0267056167788719,"Down",TRUE
"ENSG00000280832.3",24.4784259750544,1.59816164552483,0.742650045725093,0.00118936588040782,0.026734018637897,"Up",TRUE
"ENSG00000284959.3",21.5037339515198,1.05236899792497,0.444187963603945,0.00119023756665657,0.026734018637897,"Up",TRUE
"ENSG00000235082.2",12.0792336775174,-1.50716512493391,0.685913984698236,0.00119365792389653,0.0267787731610998,"Down",TRUE
"ENSG00000254789.4",11.3598414629682,1.58034691681403,2.16030549981947,0.00121954415151523,0.0272292268591287,"Up",TRUE
"ENSG00000130347.13",35.5749667011512,1.00645176991773,0.434933039911062,0.00123876647390538,0.0275927140357429,"Up",TRUE
"ENSG00000072682.20",20.4250570752765,-1.59977337356746,0.807796298780973,0.00124200091479141,0.0275992027925509,"Down",TRUE
"ENSG00000196747.5",17.9391679576995,1.44823425801119,0.776577347818711,0.0012452284652887,0.0276055081164179,"Up",TRUE
"ENSG00000154548.9",9.61826697314792,-1.50568887183959,0.6987581667232,0.0012501495343524,0.0276818825463745,"Down",TRUE
"ENSG00000289939.1",12.5827919703097,-1.42706798385799,0.700725305496806,0.00125503669601099,0.0277573269265166,"Down",TRUE
"ENSG00000281162.4",25.3651041504666,1.70455871052654,0.928794876418488,0.00126043512827367,0.027843887904326,"Up",TRUE
"ENSG00000288542.1",9.77444308919696,-1.76613395336385,0.826907086075211,0.00126470607045775,0.0279053674722765,"Down",TRUE
"ENSG00000103966.11",949.223627951487,-1.0463623292338,0.72533687863514,0.00126876231748991,0.027929151718924,"Down",TRUE
"ENSG00000179542.16",48.7529337217185,1.03643691289334,0.466534504957806,0.00127522450556521,0.0279897918266803,"Up",TRUE
"ENSG00000176171.12",233.123391380529,-1.12984510055847,0.569307126632022,0.0012834903823809,0.0280885205619064,"Down",TRUE
"ENSG00000168229.4",139.044328639641,1.12823392500692,0.611970195577702,0.00128230869409235,0.0280885205619064,"Up",TRUE
"ENSG00000255423.1",74.6899130112236,-1.03231918767971,0.460353572809889,0.00129994747186167,0.0282836599011201,"Down",TRUE
"ENSG00000269982.1",44.0847020015526,-1.01273269602099,0.445359426927238,0.00131773875871289,0.0285629104565191,"Down",TRUE
"ENSG00000183960.9",23.4859133567618,1.55161087779575,0.784205118076392,0.00132641719103231,0.0286413152910584,"Up",TRUE
"ENSG00000130598.17",93.0891922147692,-1.07438081080185,0.499251649183185,0.00133035668981783,0.0286791261121074,"Down",TRUE
"ENSG00000209042.1",7.34838763381857,-1.37139416482794,0.651426437136309,0.0013380160941175,0.0287780869784101,"Down",TRUE
"ENSG00000211857.1",10.1723888937089,-1.38838301895836,0.658391737502251,0.00134890182221649,0.0289127470579089,"Down",TRUE
"ENSG00000111678.11",63.4099427590362,-1.13822323504489,1.19499016027475,0.00136282883956067,0.0289937564922846,"Down",TRUE
"ENSG00000251441.3",13.5437958528936,2.33485042133616,1.2034184255949,0.00137595364850134,0.0290995503431622,"Up",TRUE
"ENSG00000057294.18",31.4818022315836,1.42214878908638,0.919178383281854,0.00140376855662437,0.0293508130206133,"Up",TRUE
"ENSG00000278090.3",6.32501769843776,2.34798046115759,1.59843771165831,0.00141873847908099,0.0294667111574352,"Up",TRUE
"ENSG00000205846.4",15.6175072004695,1.58374583614841,0.822135984673737,0.0014283541289894,0.0295681917099297,"Up",TRUE
"ENSG00000267244.5",15.1562729222553,-1.45092183236437,0.762090946714619,0.00143555369087845,0.0296517725467239,"Down",TRUE
"ENSG00000104804.9",21.7482525946896,-1.50368519828085,0.921222475265164,0.0014539000031848,0.029931827178629,"Down",TRUE
"ENSG00000289353.1",52.3165882649437,1.24327464151477,0.569243001602369,0.00146287059223423,0.0300176564084824,"Up",TRUE
"ENSG00000156172.6",9.19932260660235,1.58290662389518,0.797543124708964,0.00146532027454132,0.0300350620207895,"Up",TRUE
"ENSG00000248727.6",14.6478901987767,1.17143662792382,0.611875260792718,0.00147252864901917,0.0301084251032069,"Up",TRUE
"ENSG00000232528.3",17.2913540227802,1.49305626620078,0.752761708157406,0.00147480384774624,0.0301084251032069,"Up",TRUE
"ENSG00000260051.1",5.24941338499559,-1.39611990237938,0.645823764980729,0.00148085389477796,0.0301673884663491,"Down",TRUE
"ENSG00000279981.1",6.91158602796032,-1.94266992231735,0.960791123402321,0.00148142707424727,0.0301673884663491,"Down",TRUE
"ENSG00000231566.4",22.3037716689078,-1.63101153525853,0.876987561808991,0.00150682404495154,0.0305518756357472,"Down",TRUE
"ENSG00000286437.1",4.32348193815323,-1.99298159899572,1.00705908217155,0.00152149240772364,0.0307980457639841,"Down",TRUE
"ENSG00000143476.18",53.1958325960674,1.21442991752262,0.852139713113266,0.00153550125992474,0.0309610132205763,"Up",TRUE
"ENSG00000230943.4",5.2838888379768,-1.93654183770669,1.06074719757329,0.00153607754778833,0.0309610132205763,"Down",TRUE
"ENSG00000146243.14",10.5149453887806,1.12604795420112,0.509902271824381,0.00154400556834313,0.0310373252243038,"Up",TRUE
"ENSG00000146373.17",60.5360444383308,1.01959001369746,0.452609516702996,0.00155577595880058,0.0311234459276917,"Up",TRUE
"ENSG00000257246.2",3.39427385483806,-2.8977744223221,1.33526077106461,0.00155658716503198,0.0311234459276917,"Down",TRUE
"ENSG00000264017.2",8.15042598727478,-1.53995071527002,0.80493066061689,0.00156981556307916,0.0313211605165421,"Down",TRUE
"ENSG00000174885.13",156.980729757179,1.01639646322521,0.476101378816174,0.00157192048458727,0.0313298285743191,"Up",TRUE
"ENSG00000186889.10",5.57956358077351,1.97018447680716,1.02802927958136,0.00159221747739899,0.0317006781195521,"Up",TRUE
"ENSG00000288965.1",144.258671676511,-1.51663511344709,0.760869871552347,0.00159768720594076,0.0317758468159268,"Down",TRUE
"ENSG00000111335.14",1260.49169427034,1.140525414152,0.531016962626758,0.00163665053971715,0.032182017111598,"Up",TRUE
"ENSG00000143797.12",267.674042907209,1.1308741366588,1.08658571875536,0.0016409616092716,0.0321896175302921,"Up",TRUE
"ENSG00000206913.1",9.82111921079028,-1.30585408481162,0.683025660578967,0.00164423639530897,0.0321896175302921,"Down",TRUE
"ENSG00000281530.1",5.14746131184509,1.53172343742243,0.726475133586101,0.00164369237845093,0.0321896175302921,"Up",TRUE
"ENSG00000181218.6",97.7665273840359,-1.08930710619201,0.822319296287167,0.00166670531211128,0.0324154750998229,"Down",TRUE
"ENSG00000205927.5",3.88705818252362,-2.32985734953629,1.07487345223375,0.00166974670435951,0.0324183224019282,"Down",TRUE
"ENSG00000052795.13",307.793173232297,-1.00398382338528,0.480827122123284,0.00167580165043837,0.032435149591302,"Down",TRUE
"ENSG00000174791.11",139.47693959644,-1.58508325522517,0.834139111317544,0.00170732646295617,0.0327747265227665,"Down",TRUE
"ENSG00000286964.1",6.4000943876196,-1.3081609417151,0.654150214472807,0.00170657405329161,0.0327747265227665,"Down",TRUE
"ENSG00000227218.7",16.9201827442598,-1.18199474593043,0.653806921892605,0.00170967669826866,0.0327862847403157,"Down",TRUE
"ENSG00000155252.14",575.31351800248,-1.13077281749307,0.540994384528719,0.00172371014585087,0.0329044397251502,"Down",TRUE
"ENSG00000188215.10",170.749945968988,-1.07696883487539,0.664502455489566,0.00172461019727127,0.0329044397251502,"Down",TRUE
"ENSG00000135636.16",1415.63326020907,1.21901112309894,0.601544196540968,0.00173373250760519,0.0330113230255181,"Up",TRUE
"ENSG00000164181.14",292.255552448443,1.18311705942831,0.666479908448553,0.00175309872976477,0.0332068809418376,"Up",TRUE
"ENSG00000198853.12",180.981113365207,-1.13326974595183,0.558612425417078,0.00175277538107665,0.0332068809418376,"Down",TRUE
"ENSG00000231830.1",3.42880587215345,-2.37005837049949,1.12219064477705,0.00175300304269747,0.0332068809418376,"Down",TRUE
"ENSG00000161509.14",14.3514032610177,-1.17930403843351,0.555936075668264,0.00177143837524794,0.0333902781183669,"Down",TRUE
"ENSG00000169682.18",7.02286306778442,-1.25690932039915,0.634083575672728,0.00177703247355875,0.0334377553904509,"Down",TRUE
"ENSG00000225331.2",9.11365165306011,-1.17758117224157,0.573659738672753,0.00177949375371833,0.0334412879268409,"Down",TRUE
"ENSG00000131773.15",4.37141750900719,-2.39128641928296,1.15220607338789,0.00178528120080166,0.0334535718396414,"Down",TRUE
"ENSG00000082397.18",626.525117066531,-1.26732441923245,0.670911228343085,0.00178535396910278,0.0334535718396414,"Down",TRUE
"ENSG00000036448.10",319.767201256662,1.61231033006048,1.17579480418099,0.00179968553807311,0.0336186277555391,"Up",TRUE
"ENSG00000280214.1",6.89779239561529,-1.90293280356286,1.00250187012546,0.00181928047553486,0.0338498068637463,"Down",TRUE
"ENSG00000260196.1",11.4016964942477,-1.73144672879286,1.05320352245183,0.00182452148581783,0.0338800994717955,"Down",TRUE
"ENSG00000105697.9",6.57378359502903,-1.92607976947358,0.967000011410372,0.00182754821672051,0.0339027367008835,"Down",TRUE
"ENSG00000118298.12",47.7335271347494,-1.22374949152358,0.602781058089619,0.00183759247698538,0.0340553823180443,"Down",TRUE
"ENSG00000171476.23",281.481245104048,1.09834416554659,0.624572383941145,0.00184724045429416,0.0341528483030653,"Up",TRUE
"ENSG00000184611.14",4.35358986039948,1.90408566775981,0.974797016393981,0.0018592458132412,0.0342344111749917,"Up",TRUE
"ENSG00000154839.10",21.2099040306676,1.00355524689714,1.37239372650055,0.00188235098156018,0.0344424318625963,"Up",TRUE
"ENSG00000276007.1",5.31721453363813,-1.26924301246896,0.620202095887725,0.00188756131679749,0.0345041057471121,"Down",TRUE
"ENSG00000116299.17",238.021964326468,1.23566001634261,0.606226351154448,0.00189706582457552,0.0346103789298773,"Up",TRUE
"ENSG00000162496.9",554.099757077517,-1.00058713051517,0.514200822404606,0.00190311644235671,0.0346870251471333,"Down",TRUE
"ENSG00000142405.23",326.329850097152,1.16078023054704,0.633263337275349,0.00190545696094058,0.034695966313049,"Up",TRUE
"ENSG00000158874.11",19.9880726070262,-1.46978734578231,0.847035713201823,0.0019161522545235,0.0348230964472755,"Down",TRUE
"ENSG00000290585.1",26.7675194259342,1.19040518281534,0.863771642837442,0.00192368255565777,0.0348447674296212,"Up",TRUE
"ENSG00000149557.14",36.521100136712,1.09565563619718,0.508094433381978,0.00192477627603773,0.0348447674296212,"Up",TRUE
"ENSG00000211934.3",141.456299612293,1.57651914407419,0.810360887367249,0.00192347058175864,0.0348447674296212,"Up",TRUE
"ENSG00000136383.7",6.41427465807327,-1.53555620333804,0.771854865872365,0.00193728836253581,0.03493915757009,"Down",TRUE
"ENSG00000180549.8",39.6306887324321,1.13315739118497,0.564763520009216,0.00194229425734587,0.0349930151743725,"Up",TRUE
"ENSG00000119862.13",191.826352501143,1.08983049939456,0.545927379392052,0.00194577950091909,0.035022163665775,"Up",TRUE
"ENSG00000163536.13",38.815996284226,1.21109751568892,0.632020615566919,0.00195939620244879,0.03523343794528,"Up",TRUE
"ENSG00000198719.9",13.1707555423709,-1.06333438350361,0.5064111182558,0.00196468326500337,0.0352496977241818,"Down",TRUE
"ENSG00000129194.8",9.72395354312433,-1.45871664991125,0.741484428127429,0.00197110780599327,0.0353086216823341,"Down",TRUE
"ENSG00000160789.24",1276.66407083747,-1.0523641891802,1.08262628519278,0.00198701548614875,0.0354581117437867,"Down",TRUE
"ENSG00000286531.1",5.32748054729693,-1.48545335848173,0.869944369167536,0.00199096722178636,0.0354660356234186,"Down",TRUE
"ENSG00000162398.12",11.3899947700035,1.41955648697432,0.785002290571561,0.00200004665533089,0.0355553317732047,"Up",TRUE
"ENSG00000272899.4",5.36317121776238,-1.7541343353373,0.922928998308006,0.00202823305164966,0.0358525079016864,"Down",TRUE
"ENSG00000107816.17",174.094717378221,-1.38939727700286,0.841470562734763,0.00202663630020729,0.0358525079016864,"Down",TRUE
"ENSG00000163220.11",16253.4863143642,1.05157983178012,0.543276968036703,0.00204621183805923,0.0360683299086475,"Up",TRUE
"ENSG00000203876.10",5.51333703588589,-1.4742535976869,0.791696398232363,0.00206012844568742,0.0361234661475483,"Down",TRUE
"ENSG00000231881.2",27.3302633641811,-1.24094154547231,1.03412021278761,0.00207484648696392,0.0363001360662391,"Down",TRUE
"ENSG00000181963.5",3.00436424268359,2.46341628876081,1.47936073546359,0.00208096318489295,0.0363732195085436,"Up",TRUE
"ENSG00000260517.3",23.3616254585872,-1.23670427058748,0.663627940100108,0.00214573821809302,0.0373314659372307,"Down",TRUE
"ENSG00000136929.13",167.636324171147,1.15310859740997,0.628675146372607,0.0021524793563134,0.037379398451535,"Up",TRUE
"ENSG00000250075.7",6.6716416761718,-1.40002611329724,0.794681785800845,0.00215510635008672,0.0373903974059911,"Down",TRUE
"ENSG00000105376.5",4.85142714239026,-1.87735058822657,0.985514195451876,0.00216072145340253,0.0374322052569138,"Down",TRUE
"ENSG00000211692.1",5.66255716133095,1.45287857742858,0.734598886753524,0.0021656299219883,0.0374344600800835,"Up",TRUE
"ENSG00000121764.12",6.05279402122386,-1.15736529456984,0.561186238652986,0.00221258486119875,0.0380365475249393,"Down",TRUE
"ENSG00000121653.11",10.7973070444827,-1.31399682184234,0.689717942358774,0.00223493942283093,0.0383147064672707,"Down",TRUE
"ENSG00000255284.4",10.4091128388441,1.10356384987497,0.54529875363389,0.00226824198465693,0.0387087155798368,"Up",TRUE
"ENSG00000153823.19",301.026755891343,-1.06469083321936,0.588770757516666,0.00227076883873601,0.0387166087004489,"Down",TRUE
"ENSG00000240666.2",5.17335632893168,2.35365280924621,1.26645370700343,0.00229103081254566,0.0389205460953748,"Up",TRUE
"ENSG00000163092.22",11.0465351915938,1.66758075324166,1.01891087732295,0.00230886644144199,0.0390819405318091,"Up",TRUE
"ENSG00000253846.3",7.99739191962941,1.42382332983884,0.745051374615331,0.00231433561975946,0.0391039320257556,"Up",TRUE
"ENSG00000127578.7",6.93970459625136,-2.00231720234288,1.25466862959577,0.00233026143875108,0.0393022061904464,"Down",TRUE
"ENSG00000273428.4",13.9844728792125,-1.57100892710005,1.07222532967608,0.00234381286786885,0.0394597938392104,"Down",TRUE
"ENSG00000233214.1",3.99323476337862,2.25392388284442,1.13683660163134,0.00234635352895072,0.0394671394040096,"Up",TRUE
"ENSG00000283526.2",3.07057043301613,-1.89084857324376,1.11689584398123,0.00239841389337133,0.0401030016650493,"Down",TRUE
"ENSG00000259863.1",8.23379187279875,-1.99538763812723,1.79458038338393,0.00244685784894046,0.040704981277085,"Down",TRUE
"ENSG00000287201.1",9.33842013616143,1.53722136576191,1.03964718447106,0.00244815883127443,0.040704981277085,"Up",TRUE
"ENSG00000169385.3",164.327539140926,1.16129464336539,0.641440440259426,0.00248350637938783,0.0409347901404677,"Up",TRUE
"ENSG00000278962.1",14.1091366745802,-1.34026430119066,0.965439157114128,0.00250443258260363,0.0411252487041718,"Down",TRUE
"ENSG00000226803.9",10.5543424261436,-1.16885223106377,0.584677452968937,0.00251749224538624,0.0412003202986203,"Down",TRUE
"ENSG00000149294.18",150.410452212824,1.21572971281074,0.708617683366101,0.00254941032994175,0.0415883605242031,"Up",TRUE
"ENSG00000181036.14",558.298864891468,1.08087650965659,1.07666943865914,0.0025703485556479,0.0417737323753695,"Up",TRUE
"ENSG00000135218.19",2443.04648658755,1.01640860378698,0.593708030178857,0.00262603400394191,0.0423849119999401,"Up",TRUE
"ENSG00000163357.11",12.468303012169,-1.32146007360414,1.70865534319127,0.00263916000097563,0.0424506396383345,"Down",TRUE
"ENSG00000177374.13",165.33633686905,-1.28731289230681,0.750585691671407,0.00273450948892434,0.0435855812157691,"Down",TRUE
"ENSG00000271938.1",4.12531525316159,-1.58946421416005,0.981280149192791,0.00275108645188202,0.0436889300635455,"Down",TRUE
"ENSG00000154330.13",7.56013414117379,1.68104820574349,1.38532478513479,0.00274942861977885,0.0436889300635455,"Up",TRUE
"ENSG00000145103.15",13.1412508380443,-1.79981925001896,1.24008427182569,0.00279240535531483,0.0439642927314507,"Down",TRUE
"ENSG00000105321.14",302.499560513217,-1.02614315479842,0.537596212662333,0.00279579238029864,0.0439642927314507,"Down",TRUE
"ENSG00000130340.17",657.122581257774,-1.05410733540797,0.593288527340755,0.00284431173262686,0.0444172077813629,"Down",TRUE
"ENSG00000280046.1",31.7386238833693,-1.32723886512273,0.900746048647389,0.00288516492684379,0.0447940961944994,"Down",TRUE
"ENSG00000288818.1",22.1815511934129,-1.10546747126622,1.00369860248266,0.00289795942475054,0.0449555244095917,"Down",TRUE
"ENSG00000289573.1",5.84607892099576,1.73246343404245,1.17414067626405,0.00293311119488205,0.0453293613673081,"Up",TRUE
"ENSG00000286138.3",6.52596033043794,-1.60005072428721,1.24278281084831,0.00300402893278199,0.0459837761810935,"Down",TRUE
"ENSG00000225138.8",11.8060449843211,-1.20894426662587,0.676922609059093,0.00301418308976968,0.0460725377739448,"Down",TRUE
"ENSG00000231246.3",49.4262837548177,1.08795005234295,0.578124028808365,0.00303679429503137,0.0462673249417655,"Up",TRUE
"ENSG00000289629.1",8.865772008952,-1.15939531822038,0.613398295116445,0.00304733603878554,0.0463526256345684,"Down",TRUE
"ENSG00000143850.16",8.0200615533294,-1.58211094949995,1.40730609211891,0.00307428288506341,0.0466112979057109,"Down",TRUE
"ENSG00000233929.1",7.10663705171668,-1.08754523238224,0.577138907144258,0.00308430866989965,0.0466122408538793,"Down",TRUE
"ENSG00000237667.7",3.96698997699085,1.77746635069065,2.12322829584457,0.00308787451024267,0.0466122408538793,"Up",TRUE
"ENSG00000273597.1",3.16629811161225,-2.15323583924118,1.2529264569971,0.00310920955459329,0.0468003412491149,"Down",TRUE
"ENSG00000214548.18",12.4680948677839,-1.58890820236575,1.24891000779885,0.00314101360756078,0.0471277681678419,"Down",TRUE
"ENSG00000179588.9",88.8458644295241,-1.08886704767747,0.595042015931438,0.00314364512229068,0.0471295477766281,"Down",TRUE
"ENSG00000170509.12",6.41361771151268,-1.18963670802696,0.677041895751714,0.00314773089602987,0.0471531093890097,"Down",TRUE
"ENSG00000252096.1",7.99133929660858,-1.41393166925293,0.968498578900207,0.00317217327613062,0.047367921810374,"Down",TRUE
"ENSG00000136014.12",12.9142091343894,-1.24922871945201,0.752496017050892,0.00323791801166293,0.0480240544216347,"Down",TRUE
"ENSG00000134183.13",111.510088048811,-1.08294295104353,0.597849238336345,0.00326699507912589,0.0481173725128863,"Down",TRUE
"ENSG00000288803.1",25.1985338691827,-1.126967036642,0.66597254644756,0.00326592262714196,0.0481173725128863,"Down",TRUE
"ENSG00000166592.13",18.3074645369899,-1.61594463783575,1.20777616122985,0.00331298006177764,0.0485429227020623,"Down",TRUE
"ENSG00000197165.11",6.08980044917235,1.35059040260567,0.900271733990781,0.00331590274898689,0.048547818936182,"Up",TRUE
"ENSG00000225422.4",13.1392258669481,-1.23243583506006,0.739094340859599,0.00334698927291639,0.048812851841829,"Down",TRUE
"ENSG00000120049.20",3.86609379642388,1.49097387995167,0.902034032185331,0.003382500818562,0.0490372434459432,"Up",TRUE
"ENSG00000289295.1",16.7740223221416,-1.01669346142688,0.564624502285433,0.00339706019176642,0.0491224856565761,"Down",TRUE
"ENSG00000289039.1",14.3992494417434,1.36967200680813,0.823915157908617,0.00340151156083472,0.0491489594171458,"Up",TRUE
"ENSG00000197483.11",85.9625209153985,-1.06462166125006,0.708580364764874,0.00346955538367825,0.0497981135030544,"Down",TRUE
